"comm_name","sci_name","year","nstocks","biomass","sst_c_avg","value_usd","price_usd_lb"
"Arrowtooth flounder","Atheresthes stomias",1981,1,62685.8,13.6834147909413,215702,0.0950556629769192
"Arrowtooth flounder","Atheresthes stomias",1982,1,68844.3,13.3693660031194,556246,0.109509103168109
"Arrowtooth flounder","Atheresthes stomias",1983,1,75259.6,14.2893024734829,451578,0.099709079222383
"Arrowtooth flounder","Atheresthes stomias",1984,1,85019.7,13.4907019656637,501513,0.096472646029765
"Arrowtooth flounder","Atheresthes stomias",1985,1,89328.4,13.004551783852,574595,0.0985562265685378
"Arrowtooth flounder","Atheresthes stomias",1986,1,95973.6,13.5478578235792,497797,0.101939932223827
"Arrowtooth flounder","Atheresthes stomias",1987,1,100999,13.6076721108478,900668,0.146512761774582
"Arrowtooth flounder","Atheresthes stomias",1988,1,109219,13.0828306363977,495710,0.117587230665497
"Arrowtooth flounder","Atheresthes stomias",1989,1,114397,13.0549774169922,774037,0.0994159367378909
"Arrowtooth flounder","Atheresthes stomias",1990,1,115444,13.5042844647947,1339742,0.105201562651988
"Arrowtooth flounder","Atheresthes stomias",1991,1,110926,12.8694022012793,1216848,0.114935143330049
"Arrowtooth flounder","Atheresthes stomias",1992,1,103881,14.2497509666111,818051,0.106315322706165
"Arrowtooth flounder","Atheresthes stomias",1993,1,105376,13.6750952471857,577364,0.0982546479303671
"Arrowtooth flounder","Atheresthes stomias",1994,1,102090,13.5711277049521,689340,0.0983330411692961
"Arrowtooth flounder","Atheresthes stomias",1995,1,96294.8,13.8445697867352,540174,0.111180159813358
"Arrowtooth flounder","Atheresthes stomias",1996,1,92368.4,13.6472961384317,483109,0.102313280555361
"Arrowtooth flounder","Atheresthes stomias",1997,1,87960.3,14.4228171058323,495805,0.0979074417758917
"Arrowtooth flounder","Atheresthes stomias",1998,1,81226,14.1698187952456,706563,0.102204103162634
"Arrowtooth flounder","Atheresthes stomias",1999,1,73336.9,13.0291894415151,1138566,0.0984604812716462
"Arrowtooth flounder","Atheresthes stomias",2000,1,62940.5,13.4663587860439,803935,0.111961568497255
"Arrowtooth flounder","Atheresthes stomias",2001,1,55430.7,12.9706613499185,632031,0.116311455637167
"Arrowtooth flounder","Atheresthes stomias",2002,1,60217.2,12.9165174028148,468044,0.102814283677569
"Arrowtooth flounder","Atheresthes stomias",2003,1,60588.5,13.5588405857915,513167,0.101730110350934
"Arrowtooth flounder","Atheresthes stomias",2004,1,62150.4,13.6266168718753,528349,0.104831418457507
"Arrowtooth flounder","Atheresthes stomias",2005,1,63494.6,13.5741258911465,513860,0.104596573795804
"Arrowtooth flounder","Atheresthes stomias",2006,1,58564.3,13.320706512617,457230,0.107604060314173
"Arrowtooth flounder","Atheresthes stomias",2007,1,56397.3,13.139438484026,501770,0.100131576151421
"Arrowtooth flounder","Atheresthes stomias",2008,1,51802,12.7364493867625,585877,0.0994496560635706
"Arrowtooth flounder","Atheresthes stomias",2009,1,53947.8,13.0973008404607,820342,0.0979238715654567
"Arrowtooth flounder","Atheresthes stomias",2010,1,50718.9,13.0899547286656,688230,0.0963773630684634
"Arrowtooth flounder","Atheresthes stomias",2011,1,54760.8,13.0083107948303,503329,0.0972177751607113
"Arrowtooth flounder","Atheresthes stomias",2012,1,56469.1,13.0651857541955,636445,0.123228169561461
"Arrowtooth flounder","Atheresthes stomias",2013,1,57331.7,13.2277490781701,487118,0.110421307514883
"Arrowtooth flounder","Atheresthes stomias",2014,1,63283.8,14.5371241154878,268513,0.0967705892393807
"Arrowtooth flounder","Atheresthes stomias",2015,1,73937.2,14.9191712296527,280438,0.0919373759182254
"Arrowtooth flounder","Atheresthes stomias",2016,1,88714.4,14.219193811002,234884,0.0961827244342631
"Arrowtooth flounder","Atheresthes stomias",2017,1,94533.8,13.7423505575761,218861,0.0961023159556254
"Bank rockfish","Sebastes rufus",1981,1,12100,13.3642013470332,683968,0.276114903690788
"Bank rockfish","Sebastes rufus",1982,1,11400,13.0953993002574,740240,0.306552779051202
"Bank rockfish","Sebastes rufus",1983,1,10600,14.0940103928248,852595,0.299165031439249
"Bank rockfish","Sebastes rufus",1984,1,9570,13.1855034430822,1203105,0.287447626060594
"Bank rockfish","Sebastes rufus",1985,1,8730,12.7056251366933,979300,0.340934119832603
"Bank rockfish","Sebastes rufus",1986,1,8320,13.2766753832499,1584438,0.369410989163954
"Bank rockfish","Sebastes rufus",1987,1,8040,13.3272569974264,1241777,0.398655704190841
"Bank rockfish","Sebastes rufus",1988,1,7750,12.747803846995,907303,0.38836064045669
"Bank rockfish","Sebastes rufus",1989,1,7580,12.6898003816605,696339,0.368128319013549
"Bank rockfish","Sebastes rufus",1990,1,7500,13.112369855245,677338,0.38802145489947
"Bank rockfish","Sebastes rufus",1991,1,7370,12.5578906536102,687176,0.397776710433842
"Bank rockfish","Sebastes rufus",1992,1,7310,13.9916753371557,583965,0.436163514261086
"Bank rockfish","Sebastes rufus",1993,1,7380,13.364218711853,353698,0.480199744372796
"Bank rockfish","Sebastes rufus",1994,1,7440,13.2170224587123,302608,0.387742083189206
"Bank rockfish","Sebastes rufus",1995,1,7380,13.5341840187709,396449,0.44866832456068
"Bank rockfish","Sebastes rufus",1996,1,7220,13.3068923552831,530217,0.429391923569345
"Bank rockfish","Sebastes rufus",1997,1,7050,14.1454601685206,364457,0.389342759132566
"Bank rockfish","Sebastes rufus",1998,1,6770,13.8942707777023,572137,0.482553014080514
"Bank rockfish","Sebastes rufus",1999,1,6380,12.8139063517253,5088,0.378340700591711
"Blackgill rockfish","Sebastes melanostomus",1981,1,10667.9,14.5709721247355,484866,0.454779872186618
"Blackgill rockfish","Sebastes melanostomus",1982,1,10384,14.4825694220407,653246,0.429742478918467
"Blackgill rockfish","Sebastes melanostomus",1983,1,9939.83,15.5220039004371,573628,0.397181067444104
"Blackgill rockfish","Sebastes melanostomus",1984,1,9565.41,14.6940376190912,317973,0.480126981042058
"Blackgill rockfish","Sebastes melanostomus",1985,1,9460.69,14.1366468611218,568265,0.531136824832735
"Blackgill rockfish","Sebastes melanostomus",1986,1,9211.66,14.672876948402,1075995,0.505607774323341
"Blackgill rockfish","Sebastes melanostomus",1987,1,8597.81,14.6807935351417,1044331,0.534289007347698
"Blackgill rockfish","Sebastes melanostomus",1988,1,8084.65,14.13443451836,1002220,0.430695787000865
"Blackgill rockfish","Sebastes melanostomus",1989,1,7455.9,14.1061408179147,621469,0.539096639185442
"Blackgill rockfish","Sebastes melanostomus",1990,1,7258.12,14.5256646474202,760860,0.560715409845525
"Blackgill rockfish","Sebastes melanostomus",1991,1,6950.67,13.8770436332339,300605,0.528496712464017
"Blackgill rockfish","Sebastes melanostomus",1992,1,6813.65,15.37957350413,1057689,0.633429788180023
"Blackgill rockfish","Sebastes melanostomus",1993,1,6446.39,14.8981747854324,330119,0.667883491237252
"Blackgill rockfish","Sebastes melanostomus",1994,1,6383.24,14.4382638477144,400453,0.599282245350015
"Blackgill rockfish","Sebastes melanostomus",1995,1,6335.91,14.6840279442923,386997,0.571229771736303
"Blackgill rockfish","Sebastes melanostomus",1996,1,6306.42,14.5449106579735,499205,0.609517114439803
"Blackgill rockfish","Sebastes melanostomus",1997,1,6263.69,15.4435714540027,352058,0.583665361889798
"Blackgill rockfish","Sebastes melanostomus",1998,1,6288.02,15.1543550945464,293520,0.609608285088885
"Blackgill rockfish","Sebastes melanostomus",1999,1,6340.16,13.972539629255,6198,0.395967023757399
"Blackgill rockfish","Sebastes melanostomus",2000,1,6525.16,14.4584027699062,103437,0.630621505025898
"Blackgill rockfish","Sebastes melanostomus",2001,1,6671.59,13.9067064466931,126876,0.595755620016226
"Blackgill rockfish","Sebastes melanostomus",2002,1,6774.9,13.8158036186582,267585,0.864490953301357
"Blackgill rockfish","Sebastes melanostomus",2003,1,6856.71,14.3857935496739,399680,1.00327516114418
"Blackgill rockfish","Sebastes melanostomus",2004,1,6895.8,14.4737699145362,125579,0.710245430354929
"Blackgill rockfish","Sebastes melanostomus",2005,1,6959.9,14.5955555325463,161840,0.825752514575753
"Blackgill rockfish","Sebastes melanostomus",2006,1,7070.88,14.4952479317075,200990,0.965757861245388
"Blackgill rockfish","Sebastes melanostomus",2007,1,7170.89,14.031150772458,98198,1.02395101709634
"Blackgill rockfish","Sebastes melanostomus",2008,1,7304.15,13.8987003053938,181737,1.07476567256176
"Blackgill rockfish","Sebastes melanostomus",2009,1,7409.47,14.1771528153192,258364,0.921320393592935
"Blackgill rockfish","Sebastes melanostomus",2010,1,7461.22,14.0073512395223,277658,0.924017361486768
"Blackgill rockfish","Sebastes melanostomus",2011,1,7491.69,14.0009126209077,348137,1.18463846288749
"Blackgill rockfish","Sebastes melanostomus",2012,1,7521.07,14.1689086187454,437831,1.08701054372727
"Blackgill rockfish","Sebastes melanostomus",2013,1,7504.61,14.1750990095593,76707,0.704326201898247
"Blackgill rockfish","Sebastes melanostomus",2014,1,7595.85,15.710873058864,124596,0.956274148185311
"Blackgill rockfish","Sebastes melanostomus",2015,1,7684.22,16.0920040039789,93483,1.04699212211658
"Blackgill rockfish","Sebastes melanostomus",2016,1,7796.38,15.1315475191389,110375,1.34946803879559
"Blackgill rockfish","Sebastes melanostomus",2017,1,7910.45,14.8913492021107,133229,0.93837990044384
"Blue rockfish","Sebastes mystinus",1981,1,5500,13.4536184009753,13055,0.203493097848797
"Blue rockfish","Sebastes mystinus",1982,1,4610,13.2561184230604,11280,0.273610833567863
"Blue rockfish","Sebastes mystinus",1983,1,4000,14.2889473563746,23486,0.244336508343031
"Blue rockfish","Sebastes mystinus",1984,1,3460,13.3494078987523,2528,0.286670414489223
"Blue rockfish","Sebastes mystinus",1985,1,3140,12.8616667295757,118649,0.304919478688383
"Blue rockfish","Sebastes mystinus",1986,1,2980,13.4411293330945,3244,0.525519227284719
"Blue rockfish","Sebastes mystinus",1987,1,3170,13.482236912376,193,0.437716693009652
"Blue rockfish","Sebastes mystinus",1988,1,3200,12.8904276396099,156,0.707604187663271
"Blue rockfish","Sebastes mystinus",1989,1,3160,12.8368311430279,24472,0.702551512516049
"Blue rockfish","Sebastes mystinus",1990,1,3200,13.2288267737941,14428,0.71916830231091
"Blue rockfish","Sebastes mystinus",1991,1,3330,12.6956140116641,59166,0.789330870423927
"Blue rockfish","Sebastes mystinus",1992,1,3520,14.1565679750944,258881,0.477537459740918
"Blue rockfish","Sebastes mystinus",1993,1,3320,13.5422587143747,246953,0.640457466376419
"Blue rockfish","Sebastes mystinus",1994,1,3480,13.3106797368903,92029,0.517911384062346
"Blue rockfish","Sebastes mystinus",1995,1,3660,13.630493364836,74863,0.650522795719563
"Blue rockfish","Sebastes mystinus",1996,1,3870,13.3971491361919,66862,0.659306454787369
"Blue rockfish","Sebastes mystinus",1997,1,4080,14.2821163378264,91348,0.656652315562035
"Blue rockfish","Sebastes mystinus",1998,1,4110,14.0426095661364,71014,0.589952613209349
"Blue rockfish","Sebastes mystinus",1999,1,4490,12.9483004620201,3685,0.668595238856193
"Blue rockfish","Sebastes mystinus",2000,1,4830,13.319331118935,26118,1.09693768835407
"Blue rockfish","Sebastes mystinus",2001,1,5080,12.7103619324534,36516,0.920187838914245
"Blue rockfish","Sebastes mystinus",2002,1,5300,12.7194189272429,33981,1.00087820100673
"Blue rockfish","Sebastes mystinus",2003,1,5470,13.2995393652665,20760,1.14836326890944
"Blue rockfish","Sebastes mystinus",2004,1,5540,13.3441995319567,29312,1.25431143860582
"Blue rockfish","Sebastes mystinus",2005,1,5640,13.3518750040155,34391,1.22830686543143
"Blue rockfish","Sebastes mystinus",2006,1,5650,13.2032674990202,30607,1.69306139554485
"Blue rockfish","Sebastes mystinus",2007,1,5450,12.885339937712,58055,1.69892312302693
"Bocaccio","Sebastes paucispinis",1981,1,47004,14.0828695297241,1958505,0.199915169381177
"Bocaccio","Sebastes paucispinis",1982,1,43286,13.8551344102429,2433605,0.227873498352017
"Bocaccio","Sebastes paucispinis",1983,1,36470,14.8475335336501,2706907,0.245483039460817
"Bocaccio","Sebastes paucispinis",1984,1,29480,14.028649145557,2683163,0.277159414251455
"Bocaccio","Sebastes paucispinis",1985,1,25077,13.5007796748992,1686766,0.312657547868808
"Bocaccio","Sebastes paucispinis",1986,1,23125,14.0417742267732,2031895,0.351896524175965
"Bocaccio","Sebastes paucispinis",1987,1,21026,14.0699730842344,2375821,0.380568003622527
"Bocaccio","Sebastes paucispinis",1988,1,19246,13.52753362348,2074007,0.379688368566313
"Bocaccio","Sebastes paucispinis",1989,1,18378,13.478723126073,2353454,0.351837089753493
"Bocaccio","Sebastes paucispinis",1990,1,17022,13.9328494841053,2341474,0.366308504081452
"Bocaccio","Sebastes paucispinis",1991,1,15642,13.3015927653159,1619055,0.364462078659145
"Bocaccio","Sebastes paucispinis",1992,1,15040,14.7502352499193,1521380,0.381917343568723
"Bocaccio","Sebastes paucispinis",1993,1,14040,14.2026613912275,1291403,0.420510138034914
"Bocaccio","Sebastes paucispinis",1994,1,12990,13.9391934794764,884933,0.409925355471645
"Bocaccio","Sebastes paucispinis",1995,1,12034,14.2092877357237,794377,0.420496431519241
"Bocaccio","Sebastes paucispinis",1996,1,11474,14.0497445752544,534521,0.418313799519075
"Bocaccio","Sebastes paucispinis",1997,1,10953,14.8821371447655,419232,0.405805507406744
"Bocaccio","Sebastes paucispinis",1998,1,10453,14.5804300308228,236665,0.472280914958566
"Bocaccio","Sebastes paucispinis",1999,1,10150,13.4523051784885,43782,0.502764143853835
"Bocaccio","Sebastes paucispinis",2000,1,10952,13.9191734252437,44561,0.601563457846135
"Bocaccio","Sebastes paucispinis",2001,1,12140,13.3616331469628,47564,0.58626821317614
"Bocaccio","Sebastes paucispinis",2002,1,13312,13.3036090174029,32352,0.533622626556693
"Bocaccio","Sebastes paucispinis",2003,1,14101,13.8831047242688,6035,0.421143123525428
"Bocaccio","Sebastes paucispinis",2004,1,14828,13.9786223442324,8756,0.544062369790973
"Bocaccio","Sebastes paucispinis",2005,1,15163,13.9938978379773,9967,0.491408231496643
"Bocaccio","Sebastes paucispinis",2006,1,15117,13.8411894152241,8391,0.975921554681543
"Bocaccio","Sebastes paucispinis",2007,1,14983,13.5334744607249,13720,0.889041158858982
"Bocaccio","Sebastes paucispinis",2008,1,14623,13.246418060795,13973,0.745652587799313
"Bocaccio","Sebastes paucispinis",2009,1,14122,13.5728293695757,11559,0.936263370558579
"Bocaccio","Sebastes paucispinis",2010,1,13583,13.4860550665086,6059,0.704696543894109
"Bocaccio","Sebastes paucispinis",2011,1,13520,13.4228830645161,16456,0.956963717306607
"Bocaccio","Sebastes paucispinis",2012,1,13915,13.5395631482524,28591,0.86457740724276
"Bocaccio","Sebastes paucispinis",2013,1,14533,13.6179031249016,36018,0.949854190192893
"Bocaccio","Sebastes paucispinis",2014,1,16669,15.0313844373149,52093,0.930275210678952
"Bocaccio","Sebastes paucispinis",2015,1,19701,15.423635790425,91399,0.869138245823729
"Bocaccio","Sebastes paucispinis",2016,1,22816,14.5635551021945,96080,0.849535292031378
"Bocaccio","Sebastes paucispinis",2017,1,25293,14.2274193302278,216213,0.495816883886984
"Cabezon","Scorpaenichthys marmoratus",1981,3,2579,14.1823237142136,95,0.430912806589813
"Cabezon","Scorpaenichthys marmoratus",1982,3,2458,13.9324778056749,29,0.13154180411689
"Cabezon","Scorpaenichthys marmoratus",1983,3,2374,14.8797520078878,187,0.282739280113316
"Cabezon","Scorpaenichthys marmoratus",1984,3,2306,14.1141359163771,803,0.331122472432172
"Cabezon","Scorpaenichthys marmoratus",1985,3,2221,13.5907860128503,1277,0.222783665593195
"Cabezon","Scorpaenichthys marmoratus",1986,3,2147,14.1173274811713,2255,0.204570185023164
"Cabezon","Scorpaenichthys marmoratus",1987,3,1985,14.1591784326654,3022,0.214180674591186
"Cabezon","Scorpaenichthys marmoratus",1988,3,1898,13.6428848327949,7072,0.283876606260191
"Cabezon","Scorpaenichthys marmoratus",1989,3,1830,13.6142597047906,4371,0.295918283991213
"Cabezon","Scorpaenichthys marmoratus",1990,3,1759,14.0792794834568,4723,0.411984045652568
"Cabezon","Scorpaenichthys marmoratus",1991,3,1718,13.4030534769359,9404,0.513925685880862
"Cabezon","Scorpaenichthys marmoratus",1992,3,1686,14.815325215639,7633,0.480870972616965
"Cabezon","Scorpaenichthys marmoratus",1993,3,1633,14.3040405560655,3405,0.514827405767829
"Cabezon","Scorpaenichthys marmoratus",1994,3,1665,14.0676339888433,15785,0.695141405418517
"Cabezon","Scorpaenichthys marmoratus",1995,3,1718,14.3083605517188,8653,0.47288376860135
"Cabezon","Scorpaenichthys marmoratus",1996,3,1750,14.1536156221208,9032,0.546246241279886
"Cabezon","Scorpaenichthys marmoratus",1997,3,1777,14.9539137801232,52665,0.728306256709001
"Cabezon","Scorpaenichthys marmoratus",1998,3,1784,14.6775511429324,94235,1.26462374117069
"Cabezon","Scorpaenichthys marmoratus",1999,3,1759,13.5027480318765,98776,1.69071870441769
"Cabezon","Scorpaenichthys marmoratus",2000,3,1796,13.9891305279313,182841,2.64125137343909
"Cabezon","Scorpaenichthys marmoratus",2001,3,1890,13.5002642335948,281154,2.74847684264864
"Cabezon","Scorpaenichthys marmoratus",2002,3,1955,13.407885166079,329001,3.24418179132391
"Cabezon","Scorpaenichthys marmoratus",2003,3,1987,14.0254093613541,326517,3.81715563942718
"Cabezon","Scorpaenichthys marmoratus",2004,3,1955,14.1130295388183,495312,3.8937568924129
"Cabezon","Scorpaenichthys marmoratus",2005,3,1893,14.114907007143,407489,4.07123182574719
"Cabezon","Scorpaenichthys marmoratus",2006,3,1832,13.9125957096762,388144,4.25263718283743
"Cabezon","Scorpaenichthys marmoratus",2007,3,1791,13.6445030086919,366778,4.36660691740291
"Cabezon","Scorpaenichthys marmoratus",2008,3,1747,13.3383643192157,390816,4.37706613177919
"Cabezon","Scorpaenichthys marmoratus",2009,3,1727,13.6757454943704,386367,4.07565454941704
"Canary rockfish","Sebastes pinniger",1981,1,32839.3,14.5709721247355,463154,0.176111281241466
"Canary rockfish","Sebastes pinniger",1982,1,30818.3,14.4825694220407,545068,0.199177247675227
"Canary rockfish","Sebastes pinniger",1983,1,27281.7,15.5220039004371,585314,0.221632856161712
"Canary rockfish","Sebastes pinniger",1984,1,25073.3,14.6940376190912,554022,0.240893581422043
"Canary rockfish","Sebastes pinniger",1985,1,23967.4,14.1366468611218,873007,0.272419761132109
"Canary rockfish","Sebastes pinniger",1986,1,23248,14.672876948402,713036,0.292245170763316
"Canary rockfish","Sebastes pinniger",1987,1,22498.1,14.6807935351417,2170048,0.340877317209196
"Canary rockfish","Sebastes pinniger",1988,1,20790.3,14.13443451836,1770801,0.28724454639196
"Canary rockfish","Sebastes pinniger",1989,1,19806.2,14.1061408179147,2092060,0.302393988368518
"Canary rockfish","Sebastes pinniger",1990,1,18030.4,14.5256646474202,1725326,0.300847579830479
"Canary rockfish","Sebastes pinniger",1991,1,16728.8,13.8770436332339,2220737,0.330590576880742
"Canary rockfish","Sebastes pinniger",1992,1,15166.7,15.37957350413,2014749,0.336800652575723
"Canary rockfish","Sebastes pinniger",1993,1,13869.3,14.8981747854324,1571316,0.345435486637134
"Canary rockfish","Sebastes pinniger",1994,1,13456.1,14.4382638477144,953762,0.408246882423241
"Canary rockfish","Sebastes pinniger",1995,1,13998.7,14.6840279442923,889258,0.493830430128413
"Canary rockfish","Sebastes pinniger",1996,1,14614.6,14.5449106579735,1171557,0.471776797015121
"Canary rockfish","Sebastes pinniger",1997,1,14990.8,15.4435714540027,1156476,0.504587107302161
"Canary rockfish","Sebastes pinniger",1998,1,15119.7,15.1543550945464,1074663,0.508193285488157
"Canary rockfish","Sebastes pinniger",1999,1,15429,13.972539629255,486545,0.485787206418759
"Canary rockfish","Sebastes pinniger",2000,1,16377.9,14.4584027699062,50937,0.679548161896758
"Canary rockfish","Sebastes pinniger",2001,1,17824.5,13.9067064466931,50228,0.627631968954418
"Canary rockfish","Sebastes pinniger",2002,1,19596.9,13.8158036186582,43916,0.430236826513543
"Canary rockfish","Sebastes pinniger",2003,1,21077.9,14.3857935496739,8609,0.438761484557267
"Canary rockfish","Sebastes pinniger",2004,1,22550.3,14.4737699145362,8921,0.295364821174623
"Canary rockfish","Sebastes pinniger",2005,1,23843.4,14.5955555325463,7766,0.424409493465629
"Canary rockfish","Sebastes pinniger",2006,1,25411.9,14.4952479317075,7058,0.457350765249759
"Canary rockfish","Sebastes pinniger",2007,1,26847.6,14.031150772458,18956,0.704778529915141
"Canary rockfish","Sebastes pinniger",2008,1,28368.3,13.8987003053938,6791,0.358179788194788
"Canary rockfish","Sebastes pinniger",2009,1,29580.9,14.1771528153192,9543,0.349083269379166
"Canary rockfish","Sebastes pinniger",2010,1,30373.1,14.0073512395223,11376,0.368576247200429
"Canary rockfish","Sebastes pinniger",2011,1,31163.4,14.0009126209077,15514,0.423917646254556
"Canary rockfish","Sebastes pinniger",2012,1,32525.4,14.1689086187454,16732,0.496046307523959
"Canary rockfish","Sebastes pinniger",2013,1,33040,14.1750990095593,16376,0.501893891942729
"Canary rockfish","Sebastes pinniger",2014,1,33977.6,15.710873058864,18876,0.500702378405005
"Canary rockfish","Sebastes pinniger",2015,1,35210,16.0920040039789,60051,0.524830036477534
"Canary rockfish","Sebastes pinniger",2016,1,35883.1,15.1315475191389,27131,0.462647224202145
"Canary rockfish","Sebastes pinniger",2017,1,36348.8,14.8913492021107,245190,0.459761585029726
"Chilipepper","Sebastes goodei",1981,1,30148.6,13.6834147909413,1072576,0.19792211547253
"Chilipepper","Sebastes goodei",1982,1,28803.3,13.3693660031194,1115978,0.248441310725211
"Chilipepper","Sebastes goodei",1983,1,26899,14.2893024734829,1198338,0.237195428072881
"Chilipepper","Sebastes goodei",1984,1,24215.1,13.4907019656637,1491468,0.260069423514516
"Chilipepper","Sebastes goodei",1985,1,20737.7,13.004551783852,1926438,0.318307478431737
"Chilipepper","Sebastes goodei",1986,1,21569.5,13.5478578235792,1994497,0.330081996806526
"Chilipepper","Sebastes goodei",1987,1,22272.5,13.6076721108478,1556522,0.362027788533855
"Chilipepper","Sebastes goodei",1988,1,24018.7,13.0828306363977,1803925,0.342276717418454
"Chilipepper","Sebastes goodei",1989,1,24267.4,13.0549774169922,2427354,0.352950599278564
"Chilipepper","Sebastes goodei",1990,1,23305.6,13.5042844647947,2203064,0.341545269251407
"Chilipepper","Sebastes goodei",1991,1,22697.2,12.8694022012793,2337068,0.353288125206973
"Chilipepper","Sebastes goodei",1992,1,21389.6,14.2497509666111,2179001,0.374215642200917
"Chilipepper","Sebastes goodei",1993,1,19968.6,13.6750952471857,2158845,0.417317598637336
"Chilipepper","Sebastes goodei",1994,1,18585.1,13.5711277049521,1444157,0.406919294339489
"Chilipepper","Sebastes goodei",1995,1,18323.9,13.8445697867352,1691521,0.416062641605579
"Chilipepper","Sebastes goodei",1996,1,17375.6,13.6472961384317,1495281,0.396984570861126
"Chilipepper","Sebastes goodei",1997,1,16271.6,14.4228171058323,1466766,0.379269154732709
"Chilipepper","Sebastes goodei",1998,1,14668,14.1698187952456,1186247,0.413202777549528
"Chilipepper","Sebastes goodei",1999,1,13439.9,13.0291894415151,2496,0.314490750072565
"Chilipepper","Sebastes goodei",2000,1,13633.4,13.4663587860439,577081,0.594908118037454
"Chilipepper","Sebastes goodei",2001,1,20628.4,12.9706613499185,419477,0.579919509038883
"Chilipepper","Sebastes goodei",2002,1,26211.6,12.9165174028148,188867,0.517010507525954
"Chilipepper","Sebastes goodei",2003,1,30878.9,13.5588405857915,16367,0.434148963093596
"Chilipepper","Sebastes goodei",2004,1,34105.2,13.6266168718753,59081,0.451156468653778
"Chilipepper","Sebastes goodei",2005,1,35974.9,13.5741258911465,22242,0.583167790944363
"Chilipepper","Sebastes goodei",2006,1,36339.7,13.320706512617,57935,0.672094048991272
"Chilipepper","Sebastes goodei",2007,1,35457.2,13.139438484026,84613,0.749605783387825
"Chilipepper","Sebastes goodei",2008,1,33724.7,12.7364493867625,188141,0.845781298258974
"Chilipepper","Sebastes goodei",2009,1,31788.1,13.0973008404607,327866,0.615807598323528
"Chilipepper","Sebastes goodei",2010,1,29654.7,13.0899547286656,444362,0.588666000251667
"Chilipepper","Sebastes goodei",2011,1,30044.7,13.0083107948303,408848,0.63488653542814
"Chilipepper","Sebastes goodei",2012,1,31848.2,13.0651857541955,355018,0.685832523849646
"Chilipepper","Sebastes goodei",2013,1,33242.4,13.2277490781701,469197,0.65645961269366
"Chilipepper","Sebastes goodei",2014,1,34034.8,14.5371241154878,433557,0.741267140225204
"Chilipepper","Sebastes goodei",2015,1,35205.6,14.9191712296527,272149,0.69546324329495
"Chilipepper","Sebastes goodei",2016,1,37394.1,14.219193811002,141523,0.797438027159334
"Chilipepper","Sebastes goodei",2017,1,39163.2,13.7423505575761,178196,0.404141781489885
"Cowcod","Sebastes levis",1981,1,911,16.1938423580594,226079,0.47213500242812
"Cowcod","Sebastes levis",1982,1,809,16.1460648642646,262289,0.487591411249505
"Cowcod","Sebastes levis",1983,1,600,17.160277472602,179609,0.453867868516579
"Cowcod","Sebastes levis",1984,1,548,16.568124877082,316032,0.648054801999579
"Cowcod","Sebastes levis",1985,1,444,15.8982639312744,299165,0.798699109590417
"Cowcod","Sebastes levis",1986,1,364,16.3525925742255,267864,0.856244412480053
"Cowcod","Sebastes levis",1987,1,295,16.3215274810791,147715,0.887449079475973
"Cowcod","Sebastes levis",1988,1,313,15.8639351526896,245514,1.32575346863523
"Cowcod","Sebastes levis",1989,1,329,15.8387498855591,46679,0.710511441144679
"Cowcod","Sebastes levis",1990,1,400,16.3776157167223,19434,0.481700286641727
"Cowcod","Sebastes levis",1991,1,464,15.5227546691895,17444,0.393655040489798
"Cowcod","Sebastes levis",1992,1,522,17.0365742577447,64061,0.60410778647445
"Cowcod","Sebastes levis",1993,1,557,16.7593523661296,36519,0.501961875083042
"Cowcod","Sebastes levis",1994,1,583,16.0690972010295,29329,0.65858476834146
"Cowcod","Sebastes levis",1995,1,587,16.1844216452705,67701,0.593977968419768
"Cowcod","Sebastes levis",1996,1,596,16.2110415564643,81945,0.8241603439375
"Cowcod","Sebastes levis",1997,1,586,17.0679165522257,67284,0.593764842895534
"Cowcod","Sebastes levis",1998,1,589,16.6664813359578,21316,0.568751540883495
"Cowcod","Sebastes levis",1999,1,602,15.3680787616306,1983,0.391075558566407
"Cowcod","Sebastes levis",2000,1,613,16.0662269592285,1483,0.840846963385121
"Cowcod","Sebastes levis",2001,1,636,15.6176389058431,1089,0.548846837867024
"Cowcod","Sebastes levis",2002,1,670,15.3740278879801,114,0.258547683953887
"Cowcod","Sebastes levis",2003,1,711,15.9076156616211,63,Inf
"Cowcod","Sebastes levis",2007,1,867,15.6929397583008,733,1.1082774990538
"Cowcod","Sebastes levis",2012,1,1020,16.0653702418009,50,0.226796213994638
"Cowcod","Sebastes levis",2013,1,1050,16.0095367431641,102,0.462664276549062
"Cowcod","Sebastes levis",2014,1,1080,17.5602779388428,304,0.6894604905437
"Cowcod","Sebastes levis",2015,1,1120,18.0546760559082,705,0.7994566543311
"Darkblotched rockfish","Sebastes crameri",1981,1,24698.9,14.5709721247355,205311,0.166745774365096
"Darkblotched rockfish","Sebastes crameri",1982,1,24155.3,14.4825694220407,83791,0.19662164062933
"Darkblotched rockfish","Sebastes crameri",1983,1,23378.4,15.5220039004371,258066,0.219824945580245
"Darkblotched rockfish","Sebastes crameri",1984,1,22659.2,14.6940376190912,350367,0.234366344517503
"Darkblotched rockfish","Sebastes crameri",1985,1,21711.3,14.1366468611218,507328,0.252214093935712
"Darkblotched rockfish","Sebastes crameri",1986,1,20239,14.672876948402,403302,0.290142321003856
"Darkblotched rockfish","Sebastes crameri",1987,1,19259.2,14.6807935351417,1709787,0.32390011555066
"Darkblotched rockfish","Sebastes crameri",1988,1,17073.1,14.13443451836,1061729,0.292423483500289
"Darkblotched rockfish","Sebastes crameri",1989,1,15650.3,14.1061408179147,776722,0.277632165368547
"Darkblotched rockfish","Sebastes crameri",1990,1,14683.8,14.5256646474202,1029580,0.282744864085003
"Darkblotched rockfish","Sebastes crameri",1991,1,13301,13.8770436332339,758758,0.296414506482032
"Darkblotched rockfish","Sebastes crameri",1992,1,12314.8,15.37957350413,418550,0.288571379746028
"Darkblotched rockfish","Sebastes crameri",1993,1,11831.8,14.8981747854324,770364,0.294704627811024
"Darkblotched rockfish","Sebastes crameri",1994,1,10793.8,14.4382638477144,615412,0.327905818505505
"Darkblotched rockfish","Sebastes crameri",1995,1,10080.7,14.6840279442923,582235,0.358341095400728
"Darkblotched rockfish","Sebastes crameri",1996,1,9457.74,14.5449106579735,543384,0.334566129890763
"Darkblotched rockfish","Sebastes crameri",1997,1,8979.03,15.4435714540027,610719,0.339357483803973
"Darkblotched rockfish","Sebastes crameri",1998,1,8510.11,15.1543550945464,772430,0.382874439024977
"Darkblotched rockfish","Sebastes crameri",1999,1,7924.3,13.972539629255,187949,0.353011359205617
"Darkblotched rockfish","Sebastes crameri",2000,1,8048.87,14.4584027699062,224660,0.416615187539128
"Darkblotched rockfish","Sebastes crameri",2001,1,8481.63,13.9067064466931,133250,0.414548635319418
"Darkblotched rockfish","Sebastes crameri",2002,1,9175.04,13.8158036186582,96805,0.43778678954638
"Darkblotched rockfish","Sebastes crameri",2003,1,9886.6,14.3857935496739,72031,0.413578685829058
"Darkblotched rockfish","Sebastes crameri",2004,1,10635.5,14.4737699145362,174221,0.443215515405046
"Darkblotched rockfish","Sebastes crameri",2005,1,11304.2,14.5955555325463,77019,0.406696568234064
"Darkblotched rockfish","Sebastes crameri",2006,1,12026,14.4952479317075,88422,0.438333876149375
"Darkblotched rockfish","Sebastes crameri",2007,1,12648.1,14.031150772458,137603,0.487241833478598
"Darkblotched rockfish","Sebastes crameri",2008,1,13177.2,13.8987003053938,120359,0.507850521305687
"Darkblotched rockfish","Sebastes crameri",2009,1,13735.2,14.1771528153192,151354,0.513101856097825
"Darkblotched rockfish","Sebastes crameri",2010,1,14284.5,14.0073512395223,176725,0.479719460421334
"Darkblotched rockfish","Sebastes crameri",2011,1,14825.9,14.0009126209077,122783,0.500840279548627
"Darkblotched rockfish","Sebastes crameri",2012,1,15576.5,14.1689086187454,108581,0.521180099719615
"Darkblotched rockfish","Sebastes crameri",2013,1,16313,14.1750990095593,125185,0.476767154473867
"Darkblotched rockfish","Sebastes crameri",2014,1,17137.5,15.710873058864,91429,0.416799016066649
"Darkblotched rockfish","Sebastes crameri",2015,1,18190.2,16.0920040039789,121948,0.438309741746722
"Darkblotched rockfish","Sebastes crameri",2016,1,19425.9,15.1315475191389,128989,0.462517262402441
"Darkblotched rockfish","Sebastes crameri",2017,1,20713.3,14.8913492021107,169809,0.369774731658334
"Dover sole","Microstomus pacificus",1981,1,741000,14.5709721247355,3462757,0.216478355362322
"Dover sole","Microstomus pacificus",1982,1,722000,14.4825694220407,5552626,0.231266331428607
"Dover sole","Microstomus pacificus",1983,1,698000,15.5220039004371,5731968,0.226549900864107
"Dover sole","Microstomus pacificus",1984,1,677000,14.6940376190912,4838033,0.232005659826008
"Dover sole","Microstomus pacificus",1985,1,658000,14.1366468611218,4670889,0.248086074212059
"Dover sole","Microstomus pacificus",1986,1,638000,14.672876948402,3688389,0.263788424054198
"Dover sole","Microstomus pacificus",1987,1,623000,14.6807935351417,5288585,0.311516259872954
"Dover sole","Microstomus pacificus",1988,1,607000,14.13443451836,6723644,0.306746259142212
"Dover sole","Microstomus pacificus",1989,1,593000,14.1061408179147,6804675,0.278115087711223
"Dover sole","Microstomus pacificus",1990,1,581000,14.5256646474202,5647832,0.27289337314708
"Dover sole","Microstomus pacificus",1991,1,576000,13.8770436332339,7088774,0.305682607343733
"Dover sole","Microstomus pacificus",1992,1,571000,15.37957350413,4592489,0.281361783435856
"Dover sole","Microstomus pacificus",1993,1,573000,14.8981747854324,4732142,0.275551533354305
"Dover sole","Microstomus pacificus",1994,1,581000,14.4382638477144,3217226,0.299499097533141
"Dover sole","Microstomus pacificus",1995,1,597000,14.6840279442923,3319813,0.336546137837557
"Dover sole","Microstomus pacificus",1996,1,613000,14.5449106579735,4067427,0.32023781305963
"Dover sole","Microstomus pacificus",1997,1,627000,15.4435714540027,3205465,0.30314506018903
"Dover sole","Microstomus pacificus",1998,1,641000,15.1543550945464,3362315,0.344162256739352
"Dover sole","Microstomus pacificus",1999,1,656000,13.972539629255,3836923,0.328619025240818
"Dover sole","Microstomus pacificus",2000,1,668000,14.4584027699062,4206985,0.350486085417563
"Dover sole","Microstomus pacificus",2001,1,679000,13.9067064466931,3459318,0.353931621511032
"Dover sole","Microstomus pacificus",2002,1,691000,13.8158036186582,2491470,0.356592176752001
"Dover sole","Microstomus pacificus",2003,1,704000,14.3857935496739,5814419,0.359242175516854
"Dover sole","Microstomus pacificus",2004,1,714000,14.4737699145362,5394321,0.363791189245089
"Dover sole","Microstomus pacificus",2005,1,722000,14.5955555325463,5550848,0.365856236808983
"Dover sole","Microstomus pacificus",2006,1,726000,14.4952479317075,4860551,0.370489535769259
"Dover sole","Microstomus pacificus",2007,1,726000,14.031150772458,7646057,0.374789928263765
"Dover sole","Microstomus pacificus",2008,1,719000,13.8987003053938,9218863,0.373267734695252
"Dover sole","Microstomus pacificus",2009,1,708000,14.1771528153192,8631198,0.334362119504329
"Dover sole","Microstomus pacificus",2010,1,696000,14.0073512395223,6961523,0.304558609588371
"Dover sole","Microstomus pacificus",2011,1,685000,14.0009126209077,7016555,0.408945110704687
"English sole","Parophrys vetulus",1981,1,31700,14.5709721247355,973419,0.273176692235905
"English sole","Parophrys vetulus",1982,1,28900,14.4825694220407,1260937,0.278321885825554
"English sole","Parophrys vetulus",1983,1,26900,15.5220039004371,1170378,0.271894800863116
"English sole","Parophrys vetulus",1984,1,26700,14.6940376190912,884809,0.255534612642788
"English sole","Parophrys vetulus",1985,1,27100,14.1366468611218,864934,0.26803819984319
"English sole","Parophrys vetulus",1986,1,26800,14.672876948402,979311,0.323389672573243
"English sole","Parophrys vetulus",1987,1,26600,14.6807935351417,1281888,0.380657735077131
"English sole","Parophrys vetulus",1988,1,25400,14.13443451836,1161862,0.353936739804215
"English sole","Parophrys vetulus",1989,1,24400,14.1061408179147,1267813,0.346344481393862
"English sole","Parophrys vetulus",1990,1,23300,14.5256646474202,830733,0.319415273782161
"English sole","Parophrys vetulus",1991,1,23000,13.8770436332339,1159571,0.333400497791552
"English sole","Parophrys vetulus",1992,1,22200,15.37957350413,948727,0.326011654112865
"English sole","Parophrys vetulus",1993,1,21900,14.8981747854324,935715,0.313837059121551
"English sole","Parophrys vetulus",1994,1,22000,14.4382638477144,606720,0.330455809209479
"English sole","Parophrys vetulus",1995,1,23700,14.6840279442923,650129,0.362010301517604
"English sole","Parophrys vetulus",1996,1,25400,14.5449106579735,601911,0.343597120467472
"English sole","Parophrys vetulus",1997,1,28000,15.4435714540027,686641,0.313114666077194
"English sole","Parophrys vetulus",1998,1,33100,15.1543550945464,740392,0.334998708173403
"English sole","Parophrys vetulus",1999,1,41400,13.972539629255,526051,0.316378613545726
"English sole","Parophrys vetulus",2000,1,49600,14.4584027699062,589938,0.316713705507324
"English sole","Parophrys vetulus",2001,1,56800,13.9067064466931,682821,0.316657228577922
"English sole","Parophrys vetulus",2002,1,64700,13.8158036186582,802076,0.329304489746494
"English sole","Parophrys vetulus",2003,1,69400,14.3857935496739,857960,0.329130716777469
"English sole","Parophrys vetulus",2004,1,72100,14.4737699145362,903012,0.340963460903565
"English sole","Parophrys vetulus",2005,1,72800,14.5955555325463,651454,0.319660970990184
"English sole","Parophrys vetulus",2006,1,71800,14.4952479317075,741087,0.320847047514831
"English sole","Parophrys vetulus",2007,1,69900,14.031150772458,486387,0.319694914175366
"Gopher rockfish","Sebastes carnatus",1981,1,1340,13.4536184009753,41,Inf
"Gopher rockfish","Sebastes carnatus",1982,1,1340,13.2561184230604,55,Inf
"Gopher rockfish","Sebastes carnatus",1983,1,1750,14.2889473563746,49,Inf
"Gopher rockfish","Sebastes carnatus",1989,1,2230,12.8368311430279,110361,1.18063476286143
"Gopher rockfish","Sebastes carnatus",1990,1,2310,13.2288267737941,112313,1.18200293189697
"Gopher rockfish","Sebastes carnatus",1991,1,2520,12.6956140116641,175067,1.2485702136918
"Gopher rockfish","Sebastes carnatus",1992,1,2800,14.1565679750944,239144,1.41426215904912
"Gopher rockfish","Sebastes carnatus",1993,1,2580,13.5422587143747,199942,1.31247723932029
"Gopher rockfish","Sebastes carnatus",1994,1,2820,13.3106797368903,91508,1.20660860175706
"Gopher rockfish","Sebastes carnatus",1995,1,2730,13.630493364836,210414,1.78063800639805
"Gopher rockfish","Sebastes carnatus",1996,1,2970,13.3971491361919,236309,2.08131986535375
"Gopher rockfish","Sebastes carnatus",1997,1,3000,14.2821163378264,208367,2.32792348381383
"Gopher rockfish","Sebastes carnatus",1998,1,2950,14.0426095661364,165870,2.32933052726258
"Gopher rockfish","Sebastes carnatus",2000,1,2890,13.319331118935,297668,4.7209773026123
"Gopher rockfish","Sebastes carnatus",2001,1,2940,12.7103619324534,380124,4.66003697559448
"Gopher rockfish","Sebastes carnatus",2002,1,2850,12.7194189272429,271160,5.0202499091254
"Gopher rockfish","Sebastes carnatus",2003,1,2780,13.2995393652665,133270,5.3495807856753
"Gopher rockfish","Sebastes carnatus",2004,1,2630,13.3441995319567,161000,6.08569840885612
"Gopher rockfish","Sebastes carnatus",2005,1,2570,13.3518750040155,203321,6.78124015082409
"Greenspotted rockfish","Sebastes chlorostictus",1981,2,3610,14.8237303795174,182249,0.307425683929407
"Greenspotted rockfish","Sebastes chlorostictus",1982,2,3370,14.7010916436625,192055,0.402935678804258
"Greenspotted rockfish","Sebastes chlorostictus",1983,2,3090,15.7246124144883,194033,0.398604617663239
"Greenspotted rockfish","Sebastes chlorostictus",1984,2,2930,14.9587663879171,144216,0.507095237169779
"Greenspotted rockfish","Sebastes chlorostictus",1985,2,2790,14.3799653304251,187032,0.575161349096206
"Greenspotted rockfish","Sebastes chlorostictus",1986,2,2560,14.89686095366,171399,0.653321752646504
"Greenspotted rockfish","Sebastes chlorostictus",1987,2,2480,14.9018821967276,120603,0.518036056749912
"Greenspotted rockfish","Sebastes chlorostictus",1988,2,2480,14.3771813961497,164961,0.438856659903455
"Greenspotted rockfish","Sebastes chlorostictus",1989,2,2410,14.3377905142935,261515,0.48515837957307
"Greenspotted rockfish","Sebastes chlorostictus",1990,2,2280,14.8032212452582,229610,0.650120832650548
"Greenspotted rockfish","Sebastes chlorostictus",1991,2,2220,14.1091843404268,494461,0.504916176353007
"Greenspotted rockfish","Sebastes chlorostictus",1992,2,2122,15.5965711164196,183583,0.655683926831144
"Greenspotted rockfish","Sebastes chlorostictus",1993,2,2089,15.1508055402522,134860,0.60625842258309
"Greenspotted rockfish","Sebastes chlorostictus",1994,2,2064,14.6898884689599,128593,0.627866642544941
"Greenspotted rockfish","Sebastes chlorostictus",1995,2,2042,14.9074575050532,254133,0.762890830590329
"Greenspotted rockfish","Sebastes chlorostictus",1996,2,1974,14.8040953463281,234317,0.655267675395581
"Greenspotted rockfish","Sebastes chlorostictus",1997,2,1934,15.675016445026,128247,0.817020619555347
"Greenspotted rockfish","Sebastes chlorostictus",1998,2,1977,15.3545454510471,131787,0.912634890189661
"Greenspotted rockfish","Sebastes chlorostictus",1999,2,2039,14.1581896118253,1884,0.657360103332151
"Greenspotted rockfish","Sebastes chlorostictus",2000,2,2102,14.6927790390818,10663,1.20916401491241
"Greenspotted rockfish","Sebastes chlorostictus",2001,2,2183,14.1640004191483,3665,0.722789673295956
"Greenspotted rockfish","Sebastes chlorostictus",2002,2,2275,14.0467234076115,6689,0.740019451419578
"Greenspotted rockfish","Sebastes chlorostictus",2003,2,2388,14.6035775134438,719,0.54355492620715
"Greenspotted rockfish","Sebastes chlorostictus",2004,2,2513,14.7183151412429,537,0.811930446100805
"Greenspotted rockfish","Sebastes chlorostictus",2006,2,2710,14.7275133021394,2316,2.10104012644633
"Greenspotted rockfish","Sebastes chlorostictus",2007,2,2810,14.2891398480064,1250,0.944984224977659
"Greenspotted rockfish","Sebastes chlorostictus",2008,2,2910,14.1504994693555,3093,1.75370172471354
"Greenspotted rockfish","Sebastes chlorostictus",2009,2,3010,14.4408577311109,3138,1.58152559892261
"Greenspotted rockfish","Sebastes chlorostictus",2010,2,3110,14.2339778281094,3066,1.54523820468347
"Greenstriped rockfish","Sebastes elongatus",1981,1,27700,16.1938423580594,12209,0.261222167609485
"Greenstriped rockfish","Sebastes elongatus",1982,1,27600,16.1460648642646,30178,0.213549333726371
"Greenstriped rockfish","Sebastes elongatus",1983,1,27200,17.160277472602,21337,0.229343640663677
"Greenstriped rockfish","Sebastes elongatus",1984,1,27000,16.568124877082,15558,0.281155019707457
"Greenstriped rockfish","Sebastes elongatus",1985,1,26700,15.8982639312744,46220,0.28331137867114
"Greenstriped rockfish","Sebastes elongatus",1986,1,26800,16.3525925742255,22090,0.338508673455511
"Greenstriped rockfish","Sebastes elongatus",1987,1,27200,16.3215274810791,87940,0.332962588625851
"Greenstriped rockfish","Sebastes elongatus",1988,1,27100,15.8639351526896,152139,0.293032264976053
"Greenstriped rockfish","Sebastes elongatus",1989,1,26100,15.8387498855591,198913,0.322925664383074
"Greenstriped rockfish","Sebastes elongatus",1990,1,25100,16.3776157167223,91501,0.330974168687773
"Greenstriped rockfish","Sebastes elongatus",1991,1,24800,15.5227546691895,99766,0.354926291535515
"Greenstriped rockfish","Sebastes elongatus",1992,1,24500,17.0365742577447,75652,0.327434869868747
"Greenstriped rockfish","Sebastes elongatus",1993,1,24200,16.7593523661296,88591,0.277132460606883
"Greenstriped rockfish","Sebastes elongatus",1994,1,23500,16.0690972010295,111534,0.271119924240921
"Greenstriped rockfish","Sebastes elongatus",1995,1,23300,16.1844216452705,98403,0.301586862779924
"Greenstriped rockfish","Sebastes elongatus",1996,1,23100,16.2110415564643,90911,0.280520688577776
"Greenstriped rockfish","Sebastes elongatus",1997,1,22900,17.0679165522257,84255,0.248649512168097
"Greenstriped rockfish","Sebastes elongatus",1998,1,22400,16.6664813359578,106399,0.283226412826473
"Greenstriped rockfish","Sebastes elongatus",1999,1,21800,15.3680787616306,26611,0.29877594309957
"Greenstriped rockfish","Sebastes elongatus",2000,1,22000,16.0662269592285,12714,0.417896676047512
"Greenstriped rockfish","Sebastes elongatus",2001,1,22700,15.6176389058431,11049,0.414193614615993
"Greenstriped rockfish","Sebastes elongatus",2002,1,23500,15.3740278879801,20551,0.433571069191052
"Greenstriped rockfish","Sebastes elongatus",2003,1,24200,15.9076156616211,5855,0.331972958234652
"Greenstriped rockfish","Sebastes elongatus",2004,1,25100,16.092430750529,2491,0.353093355662902
"Greenstriped rockfish","Sebastes elongatus",2005,1,25900,16.2933564715915,4419,0.393024497898944
"Greenstriped rockfish","Sebastes elongatus",2006,1,26900,16.2517591052585,7218,0.409253768153325
"Greenstriped rockfish","Sebastes elongatus",2007,1,27800,15.6929397583008,1847,0.380811461134633
"Greenstriped rockfish","Sebastes elongatus",2008,1,28500,15.7416896820068,2269,0.411680487643067
"Greenstriped rockfish","Sebastes elongatus",2009,1,29200,15.9948842790392,3653,0.414243284861207
"Kelp greenling","Hexagrammos decagrammus",1989,1,1750,12.1671980857849,72,Inf
"Kelp greenling","Hexagrammos decagrammus",1990,1,1570,12.6313959598541,104,Inf
"Kelp greenling","Hexagrammos decagrammus",1991,1,1390,11.9907917499542,217,0.98429556873673
"Kelp greenling","Hexagrammos decagrammus",1992,1,1230,13.2528334140778,978,1.10903348643378
"Kelp greenling","Hexagrammos decagrammus",1993,1,1120,12.6105105876923,477,0.43272717630177
"Kelp greenling","Hexagrammos decagrammus",1994,1,994,12.8231250286102,286,0.648637172024665
"Kelp greenling","Hexagrammos decagrammus",1995,1,990,13.11016664505,6031,0.63618975190775
"Kelp greenling","Hexagrammos decagrammus",1996,1,925,12.8526561737061,3016,1.05233443293512
"Kelp greenling","Hexagrammos decagrammus",1997,1,889,13.5117084503174,4937,0.722382521607438
"Kelp greenling","Hexagrammos decagrammus",1998,1,958,13.3235625267029,6506,2.45922694708186
"Kelp greenling","Hexagrammos decagrammus",2000,1,966,12.5818335056305,627,2.84402452349276
"Kelp greenling","Hexagrammos decagrammus",2001,1,1290,12.1727918624878,502,Inf
"Kelp greenling","Hexagrammos decagrammus",2003,1,1410,12.8690730571747,5870,6.65646888074263
"Kelp greenling","Hexagrammos decagrammus",2004,1,1330,12.9024583339691,14353,5.91855647175462
"Kelp greenling","Hexagrammos decagrammus",2005,1,1230,12.6994895458221,16405,6.2009864843034
"Kelp greenling","Hexagrammos decagrammus",2006,1,1150,12.2827605247498,12573,7.12877199638646
"Kelp greenling","Hexagrammos decagrammus",2007,1,990,12.3552293300629,15124,6.23648352809983
"Kelp greenling","Hexagrammos decagrammus",2008,1,1020,11.7140940189362,12504,7.08964964947239
"Kelp greenling","Hexagrammos decagrammus",2009,1,1110,12.1455210208893,13024,6.56398642459148
"Kelp greenling","Hexagrammos decagrammus",2010,1,1490,12.2900312900543,14991,6.1816400799884
"Kelp greenling","Hexagrammos decagrammus",2011,1,1590,12.1578752994537,18566,7.01783084837409
"Kelp greenling","Hexagrammos decagrammus",2012,1,1420,12.1036669254303,33979,6.16504684425905
"Kelp greenling","Hexagrammos decagrammus",2013,1,1230,12.4211459636688,28531,5.88247525589184
"Kelp greenling","Hexagrammos decagrammus",2014,1,1130,13.5207500457764,31752,6.00102782229813
"Kelp greenling","Hexagrammos decagrammus",2015,1,1130,13.8942708015442,44324,6.09243356915051
"Lingcod","Ophiodon elongatus",1981,2,47850.9,13.5018363077562,1041128,0.228768966413612
"Lingcod","Ophiodon elongatus",1982,2,50969.4,13.1720848489594,1410093,0.257511678702264
"Lingcod","Ophiodon elongatus",1983,2,51045.73,14.0787685585546,1877808,0.253658384709993
"Lingcod","Ophiodon elongatus",1984,2,43902.02,13.2863335805934,1690642,0.247510702527401
"Lingcod","Ophiodon elongatus",1985,2,37511.83,12.8010312449801,1844856,0.264897977945737
"Lingcod","Ophiodon elongatus",1986,2,30106.17,13.3477427343745,970281,0.312935235083805
"Lingcod","Ophiodon elongatus",1987,2,29965.54,13.4150117544027,1478087,0.381283593670033
"Lingcod","Ophiodon elongatus",1988,2,34387.25,12.9057641173457,1497976,0.362519645152678
"Lingcod","Ophiodon elongatus",1989,2,31545.69,12.8958508653955,1694054,0.338805144182075
"Lingcod","Ophiodon elongatus",1990,2,26295.7,13.3149668921481,1380937,0.34770056437981
"Lingcod","Ophiodon elongatus",1991,2,22690.41,12.6935806536412,1763763,0.33837903039701
"Lingcod","Ophiodon elongatus",1992,2,18256.32,14.033342565809,1047882,0.378975714101626
"Lingcod","Ophiodon elongatus",1993,2,20811.1,13.4678069313804,1212787,0.362391963085527
"Lingcod","Ophiodon elongatus",1994,2,21224.49,13.3993323687669,1158360,0.396785474162255
"Lingcod","Ophiodon elongatus",1995,2,19872.97,13.6757781479385,881684,0.434937668601737
"Lingcod","Ophiodon elongatus",1996,2,18856.72,13.4408450414846,1040413,0.442082865369187
"Lingcod","Ophiodon elongatus",1997,2,18338.57,14.2264853309799,1055101,0.458371635249414
"Lingcod","Ophiodon elongatus",1998,2,16811.35,14.0051731080799,298758,0.685454560451291
"Lingcod","Ophiodon elongatus",1999,2,18458.64,12.8436405409823,343545,0.733660125581808
"Lingcod","Ophiodon elongatus",2000,2,19558.16,13.2573175259999,194571,1.00063415313267
"Lingcod","Ophiodon elongatus",2001,2,20665.37,12.7848673469417,211603,1.04897834469743
"Lingcod","Ophiodon elongatus",2002,2,23829.03,12.7448668597819,273318,1.0136956274176
"Lingcod","Ophiodon elongatus",2003,2,27159.35,13.4065645487754,326459,1.06839343758262
"Lingcod","Ophiodon elongatus",2004,2,29750.18,13.4539477812065,298140,0.974308692224228
"Lingcod","Ophiodon elongatus",2005,2,31494.06,13.4089935376094,336036,0.933966820660566
"Lingcod","Ophiodon elongatus",2006,2,31982.98,13.1079710446872,479674,0.934205643208794
"Lingcod","Ophiodon elongatus",2007,2,31822.47,12.9433918012367,583482,1.06162461720032
"Lingcod","Ophiodon elongatus",2008,2,31005.33,12.5068253396632,639843,1.11798127851288
"Lingcod","Ophiodon elongatus",2009,2,30124.74,12.8786147662572,539972,1.15314129249635
"Lingcod","Ophiodon elongatus",2010,2,29631.98,12.91398699467,402369,1.16471941070592
"Lingcod","Ophiodon elongatus",2011,2,33948.99,12.8243934138791,817071,1.00793369249286
"Lingcod","Ophiodon elongatus",2012,2,36154.93,12.86394067649,1073188,1.00889108934499
"Lingcod","Ophiodon elongatus",2013,2,38895.83,13.053001669737,1111345,1.03638502648796
"Lingcod","Ophiodon elongatus",2014,2,40147.82,14.3031880056465,1074420,1.27112356932769
"Lingcod","Ophiodon elongatus",2015,2,41192.95,14.6884841892746,1425447,1.58512372076497
"Lingcod","Ophiodon elongatus",2016,2,44808.1,14.035063799921,1443590,1.411210114485
"Lingcod","Ophiodon elongatus",2017,2,45673.5,13.5273678197965,2304971,1.29540006484311
"Longnose skate","Raja rhina",2004,1,71000,16.092430750529,0,0
"Longnose skate","Raja rhina",2005,1,71400,16.2933564715915,0,0
"Longnose skate","Raja rhina",2007,1,71200,15.6929397583008,0,0
"Longspine thornyhead","Sebastolobus altivelis",1981,1,79000,16.1938423580594,54741,0.228008292934444
"Longspine thornyhead","Sebastolobus altivelis",1982,1,79200,16.1460648642646,191995,0.228037387305057
"Longspine thornyhead","Sebastolobus altivelis",1983,1,79400,17.160277472602,102244,0.234227799026947
"Longspine thornyhead","Sebastolobus altivelis",1984,1,80300,16.568124877082,151977,0.249585866866496
"Longspine thornyhead","Sebastolobus altivelis",1985,1,81300,15.8982639312744,297001,0.254568036102122
"Longspine thornyhead","Sebastolobus altivelis",1986,1,81700,16.3525925742255,364195,0.278014295374545
"Longspine thornyhead","Sebastolobus altivelis",1987,1,82300,16.3215274810791,681355,0.332391340904101
"Longspine thornyhead","Sebastolobus altivelis",1988,1,82400,15.8639351526896,2134328,0.355898470570361
"Longspine thornyhead","Sebastolobus altivelis",1989,1,80500,15.8387498855591,2569618,0.373026713059255
"Longspine thornyhead","Sebastolobus altivelis",1990,1,77900,16.3776157167223,4851812,0.388145326236355
"Longspine thornyhead","Sebastolobus altivelis",1991,1,72000,15.5227546691895,2948492,0.45681376001194
"Longspine thornyhead","Sebastolobus altivelis",1992,1,69800,17.0365742577447,5466717,0.460321793487832
"Longspine thornyhead","Sebastolobus altivelis",1993,1,65400,16.7593523661296,5263792,0.474477095787152
"Longspine thornyhead","Sebastolobus altivelis",1994,1,61200,16.0690972010295,7138579,0.733476505459897
"Longspine thornyhead","Sebastolobus altivelis",1995,1,57900,16.1844216452705,11385114,0.979422592257231
"Longspine thornyhead","Sebastolobus altivelis",1996,1,53600,16.2110415564643,8342129,0.82659994051811
"Longspine thornyhead","Sebastolobus altivelis",1997,1,50300,17.0679165522257,6007091,0.727867234364239
"Longspine thornyhead","Sebastolobus altivelis",1998,1,48200,16.6664813359578,2925021,0.632547021363347
"Longspine thornyhead","Sebastolobus altivelis",1999,1,48300,15.3680787616306,1072810,0.710184606933998
"Longspine thornyhead","Sebastolobus altivelis",2000,1,49000,16.0662269592285,2469297,0.866244718991985
"Longspine thornyhead","Sebastolobus altivelis",2001,1,50300,15.6176389058431,2090859,0.891016357002283
"Longspine thornyhead","Sebastolobus altivelis",2002,1,51900,15.3740278879801,3269507,0.8379611359803
"Longspine thornyhead","Sebastolobus altivelis",2003,1,53100,15.9076156616211,2031644,0.632273300013616
"Longspine thornyhead","Sebastolobus altivelis",2004,1,54600,16.092430750529,666440,0.470566839522374
"Longspine thornyhead","Sebastolobus altivelis",2005,1,57300,16.2933564715915,666738,0.483496895687792
"Longspine thornyhead","Sebastolobus altivelis",2006,1,59900,16.2517591052585,925465,0.579172070045662
"Longspine thornyhead","Sebastolobus altivelis",2007,1,62400,15.6929397583008,847716,0.496664374432133
"Longspine thornyhead","Sebastolobus altivelis",2008,1,64600,15.7416896820068,1251621,0.459436601369561
"Longspine thornyhead","Sebastolobus altivelis",2009,1,66100,15.9948842790392,864711,0.349049000622083
"Longspine thornyhead","Sebastolobus altivelis",2010,1,67200,15.571782430013,1039988,0.362006509093478
"Longspine thornyhead","Sebastolobus altivelis",2011,1,67700,15.6937961578369,871443,0.436869967091356
"Longspine thornyhead","Sebastolobus altivelis",2012,1,68300,16.0653702418009,894744,0.465530056651568
"Pacific chub mackerel","Scomber japonicus",1983,1,1232150,13.0226413522448,3247287,0.0826568347198661
"Pacific chub mackerel","Scomber japonicus",1984,1,1015190,12.2620982783181,5055780,0.0880486967210956
"Pacific chub mackerel","Scomber japonicus",1985,1,769181,11.834338085992,3322383,0.0830371362904189
"Pacific chub mackerel","Scomber japonicus",1986,1,623929,12.3863989625658,3567782,0.0732456595298554
"Pacific chub mackerel","Scomber japonicus",1987,1,540580,12.5039658546448,3984176,0.0670781269626378
"Pacific chub mackerel","Scomber japonicus",1988,1,415871,12.0298214980534,5119218,0.0770734649300445
"Pacific chub mackerel","Scomber japonicus",1989,1,528636,12.0538171359471,3349828,0.0721092188474754
"Pacific chub mackerel","Scomber japonicus",1990,1,487464,12.4541966233935,4172666,0.0609516751457477
"Pacific chub mackerel","Scomber japonicus",1991,1,401936,11.8419049126761,5259433,0.0751915210563998
"Pacific chub mackerel","Scomber japonicus",1992,1,336073,13.0500745092119,4002519,0.095372573612272
"Pacific chub mackerel","Scomber japonicus",1993,1,275818,12.4416073390416,1502959,0.0563483755819593
"Pacific chub mackerel","Scomber japonicus",1994,1,300917,12.6521503584726,1433879,0.0633951943634945
"Pacific chub mackerel","Scomber japonicus",1995,1,295894,12.9420610155378,1149465,0.0591505706712379
"Pacific chub mackerel","Scomber japonicus",1996,1,341391,12.6231324332101,1295319,0.0608169932646691
"Pacific chub mackerel","Scomber japonicus",1997,1,321278,13.3293007441929,2759046,0.0625319096646814
"Pacific chub mackerel","Scomber japonicus",1998,1,228935,13.1895610604967,2535038,0.0532450160199426
"Pacific chub mackerel","Scomber japonicus",1999,1,131950,12.0139958177294,1088537,0.0551851015721302
"Pacific chub mackerel","Scomber japonicus",2000,1,91952,12.3678722040994,2921874,0.0602238353397679
"Pacific chub mackerel","Scomber japonicus",2001,1,55766,11.9853275844029,1096809,0.0685957308796021
"Pacific chub mackerel","Scomber japonicus",2002,1,46345,11.9683634553637,488997,0.0634944999025197
"Pacific chub mackerel","Scomber japonicus",2003,1,32103,12.7236981051309,642313,0.0700491231965465
"Pacific chub mackerel","Scomber japonicus",2004,1,31714,12.7242336613791,562300,0.0693762980791998
"Pacific chub mackerel","Scomber japonicus",2005,1,38649,12.5710639953613,566842,0.0721868827745234
"Pacific chub mackerel","Scomber japonicus",2006,1,58056,12.0968155860901,867513,0.0599989826759974
"Pacific chub mackerel","Scomber japonicus",2007,1,67254,12.1441073077066,838996,0.0665295326585243
"Pacific chub mackerel","Scomber japonicus",2008,1,68392,11.4907740865435,694400,0.087790451529002
"Pacific chub mackerel","Scomber japonicus",2009,1,66763,11.9277903693063,1092756,0.0965833685190666
"Pacific chub mackerel","Scomber japonicus",2010,1,57925,12.1226935386658,413716,0.0891404355586222
"Pacific chub mackerel","Scomber japonicus",2011,1,57122,11.9862948826381,327079,0.108760763693501
"Pacific chub mackerel","Scomber japonicus",2012,1,69164,11.9230657305036,1080418,0.0910909709783119
"Pacific chub mackerel","Scomber japonicus",2013,1,71723,12.2577903270721,1597828,0.0851619996744277
"Pacific chub mackerel","Scomber japonicus",2014,1,97395,13.2874256883349,1708256,0.108014384223716
"Pacific chub mackerel","Scomber japonicus",2015,1,120435,13.6694122041975,1190238,0.0953671449550618
"Pacific chub mackerel","Scomber japonicus",2016,1,118968,13.2672991412027,479349,0.118541640368679
"Pacific hake","Merluccius productus",1981,1,4653340,16.1938423580594,342617,0.0304203568227537
"Pacific hake","Merluccius productus",1982,1,5155235,16.1460648642646,517325,0.0331906678750127
"Pacific hake","Merluccius productus",1983,1,4924620,17.160277472602,715696,0.0411184514879119
"Pacific hake","Merluccius productus",1984,1,5163905,16.568124877082,687483,0.0465206294264458
"Pacific hake","Merluccius productus",1985,1,6217665,15.8982639312744,831728,0.0509735614422884
"Pacific hake","Merluccius productus",1986,1,6051175,16.3525925742255,566529,0.0524317530016398
"Pacific hake","Merluccius productus",1987,1,5454935,16.3215274810791,697305,0.0620436391453466
"Pacific hake","Merluccius productus",1988,1,5533950,15.8639351526896,1159646,0.0737644118902316
"Pacific hake","Merluccius productus",1989,1,4994050,15.8387498855591,1067084,0.06473208543572
"Pacific hake","Merluccius productus",1990,1,4598365,16.3776157167223,1463992,0.068879728428852
"Pacific hake","Merluccius productus",1991,1,4414220,15.5227546691895,3887697,0.0734294354647506
"Pacific hake","Merluccius productus",1992,1,3772035,17.0365742577447,5930231,0.0479206854821587
"Pacific hake","Merluccius productus",1993,1,2849590,16.7593523661296,2632630,0.0306817805072278
"Pacific hake","Merluccius productus",1994,1,2842650,16.0690972010295,5046271,0.0310879569944922
"Pacific hake","Merluccius productus",1995,1,2819860,16.1844216452705,7864530,0.047587550310948
"Pacific hake","Merluccius productus",1996,1,2697655,16.2110415564643,5156878,0.0274777870524457
"Pacific hake","Merluccius productus",1997,1,2557455,17.0679165522257,22114570,0.0435325148485685
"Pacific hake","Merluccius productus",1998,1,2107840,16.6664813359578,13755976,0.0269933466428249
"Pacific hake","Merluccius productus",1999,1,2089260,15.3680787616306,19185031,0.0389421352937023
"Pacific hake","Merluccius productus",2000,1,3864850,16.0662269592285,21054842,0.0462634063933935
"Pacific hake","Merluccius productus",2001,1,4030750,15.6176389058431,12848937,0.0335935612274484
"Pacific hake","Merluccius productus",2002,1,4398150,15.3740278879801,12787063,0.0445726219864843
"Pacific hake","Merluccius productus",2003,1,3743935,15.9076156616211,13811613,0.0442608401159377
"Pacific hake","Merluccius productus",2004,1,3084315,16.092430750529,20241636,0.0423398560198401
"Pacific hake","Merluccius productus",2005,1,2487520,16.2933564715915,29192131,0.0510134813030518
"Pacific hake","Merluccius productus",2006,1,2172550,16.2517591052585,26961208,0.059856082852343
"Pacific hake","Merluccius productus",2007,1,1722560,15.6929397583008,34363632,0.0719689393995402
"Pacific hake","Merluccius productus",2008,1,1755350,15.7416896820068,55529641,0.118042770352832
"Pacific hake","Merluccius productus",2009,1,1523900,15.9948842790392,13924761,0.061568454611619
"Pacific hake","Merluccius productus",2010,1,2019240,15.571782430013,25454440,0.0824073786077133
"Pacific hake","Merluccius productus",2011,1,2558385,15.6937961578369,56739182,0.11163261198305
"Pacific hake","Merluccius productus",2012,1,3175670,16.0653702418009,48634946,0.138013195706208
"Pacific hake","Merluccius productus",2013,1,3644590,16.0095367431641,64876815,0.126098013147562
"Pacific hake","Merluccius productus",2014,1,3739020,17.5602779388428,64110672,0.110235923548218
"Pacific hake","Merluccius productus",2015,1,3138510,18.0546760559082,25205604,0.0742458801832089
"Pacific hake","Merluccius productus",2016,1,3344850,16.8574073579576,46843211,0.0811343599448303
"Pacific hake","Merluccius productus",2017,1,3657770,16.7609953350491,60437628,0.0775934208079072
"Pacific hake","Merluccius productus",2018,1,3557240,16.9930091434055,48307381,0.0823271089319127
"Pacific ocean perch","Sebastes alutus",1981,1,60795.9,16.1938423580594,136102,0.160893501783155
"Pacific ocean perch","Sebastes alutus",1982,1,60308.8,16.1460648642646,164407,0.192597547284176
"Pacific ocean perch","Sebastes alutus",1983,1,60085.4,17.160277472602,246399,0.214643212337487
"Pacific ocean perch","Sebastes alutus",1984,1,59422.1,16.568124877082,401761,0.223766880478143
"Pacific ocean perch","Sebastes alutus",1985,1,59201.6,15.8982639312744,291569,0.25162384063243
"Pacific ocean perch","Sebastes alutus",1986,1,59408,16.3525925742255,390817,0.28295551784435
"Pacific ocean perch","Sebastes alutus",1987,1,59614.5,16.3215274810791,752285,0.328232762302725
"Pacific ocean perch","Sebastes alutus",1988,1,60125.1,15.8639351526896,740489,0.290830551051477
"Pacific ocean perch","Sebastes alutus",1989,1,60411.2,15.8387498855591,840437,0.272316493608132
"Pacific ocean perch","Sebastes alutus",1990,1,60568,16.3776157167223,577972,0.270244018956621
"Pacific ocean perch","Sebastes alutus",1991,1,61240.7,15.5227546691895,804709,0.299679728353713
"Pacific ocean perch","Sebastes alutus",1992,1,62342.7,17.0365742577447,596615,0.303453741225412
"Pacific ocean perch","Sebastes alutus",1993,1,63731.5,16.7593523661296,725138,0.302535969506335
"Pacific ocean perch","Sebastes alutus",1994,1,64731.8,16.0690972010295,633100,0.33473524438747
"Pacific ocean perch","Sebastes alutus",1995,1,65585.4,16.1844216452705,547118,0.355033736790611
"Pacific ocean perch","Sebastes alutus",1996,1,66380.6,16.2110415564643,472477,0.333663380973205
"Pacific ocean perch","Sebastes alutus",1997,1,67446.3,17.0679165522257,376703,0.327587477762355
"Pacific ocean perch","Sebastes alutus",1998,1,68656.5,16.6664813359578,441489,0.384147453367653
"Pacific ocean perch","Sebastes alutus",1999,1,69350.7,15.3680787616306,315691,0.375445849985219
"Pacific ocean perch","Sebastes alutus",2000,1,69911.7,16.0662269592285,101847,0.426565355617949
"Pacific ocean perch","Sebastes alutus",2001,1,70472.7,15.6176389058431,176313,0.339737645522826
"Pacific ocean perch","Sebastes alutus",2002,1,72483.4,15.3740278879801,137700,0.436780960378485
"Pacific ocean perch","Sebastes alutus",2003,1,76419.5,15.9076156616211,122946,0.435342503134813
"Pacific ocean perch","Sebastes alutus",2004,1,79292.2,16.092430750529,103426,0.454145696584888
"Pacific ocean perch","Sebastes alutus",2005,1,81728.3,16.2933564715915,60703,0.452868769016991
"Pacific ocean perch","Sebastes alutus",2006,1,83613,16.2517591052585,68895,0.458887669990032
"Pacific ocean perch","Sebastes alutus",2007,1,85358.3,15.6929397583008,116697,0.403144520708793
"Pacific ocean perch","Sebastes alutus",2008,1,86308.1,15.7416896820068,79917,0.41428281220136
"Pacific ocean perch","Sebastes alutus",2009,1,86803.2,15.9948842790392,81066,0.395386277068588
"Pacific ocean perch","Sebastes alutus",2010,1,86769.2,15.571782430013,78238,0.375536131016138
"Pacific ocean perch","Sebastes alutus",2011,1,98173.2,15.6937961578369,54615,0.445556662853135
"Pacific ocean perch","Sebastes alutus",2012,1,103709,16.0653702418009,45266,0.452253630955123
"Pacific ocean perch","Sebastes alutus",2013,1,109254,16.0095367431641,51378,0.457852097548783
"Pacific ocean perch","Sebastes alutus",2014,1,115075,17.5602779388428,38739,0.389616786427419
"Pacific ocean perch","Sebastes alutus",2015,1,119187,18.0546760559082,53440,0.426010181928768
"Pacific ocean perch","Sebastes alutus",2016,1,124995,16.8574073579576,49633,0.385499194835475
"Pacific ocean perch","Sebastes alutus",2017,1,128529,16.7609953350491,70674,0.278032881662742
"Pacific sardine","Sardinops sagax",2005,1,1534415,14.5955555325463,9831482,0.0515767511356043
"Pacific sardine","Sardinops sagax",2006,1,1774784,14.4952479317075,8843164,0.048771615208663
"Pacific sardine","Sardinops sagax",2007,1,1471710,14.031150772458,13258429,0.0470616825935547
"Pacific sardine","Sardinops sagax",2008,1,1097736,13.8987003053938,14580226,0.0758521433524646
"Pacific sardine","Sardinops sagax",2009,1,755371,14.1771528153192,12427865,0.0840321189808098
"Pacific sardine","Sardinops sagax",2010,1,594343,14.0073512395223,12242023,0.0829866981912418
"Pacific sardine","Sardinops sagax",2011,1,532226,14.0009126209077,7814780,0.0915074743630647
"Pacific sardine","Sardinops sagax",2012,1,340875,14.1689086187454,21258642,0.0950508735528092
"Pacific sardine","Sardinops sagax",2013,1,170633,14.1750990095593,15108944,0.10733710779462
"Pacific sardine","Sardinops sagax",2014,1,81648,15.710873058864,8864062,0.172234276797983
"Pacific sardine","Sardinops sagax",2015,1,65405,16.0920040039789,1155834,0.136779950538105
"Pacific sardine","Sardinops sagax",2016,1,57067,15.1315475191389,105370,0.0915438309466195
"Pacific sardine","Sardinops sagax",2017,1,43483,14.8913492021107,61701,0.0645607990758162
"Pacific sardine","Sardinops sagax",2018,1,52065,15.0478372119722,80603,0.108747502894764
"Petrale sole","Eopsetta jordani",1981,1,8470,16.1938423580594,1403291,0.515110602788298
"Petrale sole","Eopsetta jordani",1982,1,7930,16.1460648642646,2486055,0.613323030330078
"Petrale sole","Eopsetta jordani",1983,1,7450,17.160277472602,2472261,0.687552955005025
"Petrale sole","Eopsetta jordani",1984,1,7050,16.568124877082,1819709,0.718494275369027
"Petrale sole","Eopsetta jordani",1985,1,7000,15.8982639312744,1588969,0.733208857283512
"Petrale sole","Eopsetta jordani",1986,1,6990,16.3525925742255,1719910,0.76163053092164
"Petrale sole","Eopsetta jordani",1987,1,7070,16.3215274810791,2512979,0.825214107070197
"Petrale sole","Eopsetta jordani",1988,1,6560,15.8639351526896,2509175,0.840516047928508
"Petrale sole","Eopsetta jordani",1989,1,5920,15.8387498855591,2425707,0.83856590787332
"Petrale sole","Eopsetta jordani",1990,1,5240,16.3776157167223,1991109,0.831478517493372
"Petrale sole","Eopsetta jordani",1991,1,5000,15.5227546691895,2176957,0.827981897751342
"Petrale sole","Eopsetta jordani",1992,1,4830,17.0365742577447,1823955,0.809681128394187
"Petrale sole","Eopsetta jordani",1993,1,5070,16.7593523661296,1782606,0.777477484315627
"Petrale sole","Eopsetta jordani",1994,1,5500,16.0690972010295,1510324,0.829786252677417
"Petrale sole","Eopsetta jordani",1995,1,5830,16.1844216452705,2296382,0.975575055699982
"Petrale sole","Eopsetta jordani",1996,1,6130,16.2110415564643,2084631,0.934083608368777
"Petrale sole","Eopsetta jordani",1997,1,6330,17.0679165522257,2232553,0.908712433493129
"Petrale sole","Eopsetta jordani",1998,1,6220,16.6664813359578,2053097,0.939821629960137
"Petrale sole","Eopsetta jordani",1999,1,6410,15.3680787616306,1972556,0.960429868382154
"Petrale sole","Eopsetta jordani",2000,1,6670,16.0662269592285,2777606,1.00446547838442
"Petrale sole","Eopsetta jordani",2001,1,7380,15.6176389058431,2761032,0.985275122835408
"Petrale sole","Eopsetta jordani",2002,1,8060,15.3740278879801,2676948,0.921347099871794
"Petrale sole","Eopsetta jordani",2003,1,8570,15.9076156616211,4460555,0.980838652622506
"Petrale sole","Eopsetta jordani",2004,1,9180,16.092430750529,3906290,1.02242560042137
"Petrale sole","Eopsetta jordani",2005,1,9270,16.2933564715915,5379472,0.91000513380336
"Petrale sole","Eopsetta jordani",2006,1,8450,16.2517591052585,5781423,1.005024219447
"Petrale sole","Eopsetta jordani",2007,1,8240,15.6929397583008,4962958,0.999094696089474
"Petrale sole","Eopsetta jordani",2008,1,7860,15.7416896820068,4945989,1.01266731033595
"Petrale sole","Eopsetta jordani",2009,1,8240,15.9948842790392,3552639,0.910989965390579
"Petrale sole","Eopsetta jordani",2010,1,9090,15.571782430013,2004018,1.1313097577526
"Petrale sole","Eopsetta jordani",2011,1,12200,15.6937961578369,2889123,1.40399005392079
"Petrale sole","Eopsetta jordani",2012,1,15100,16.0653702418009,3622696,1.47031806953028
"Petrale sole","Eopsetta jordani",2013,1,17400,16.0095367431641,6180359,1.24688166377057
"Petrale sole","Eopsetta jordani",2014,1,18600,17.5602779388428,5941833,1.12509724783002
"Petrale sole","Eopsetta jordani",2015,1,19400,18.0546760559082,7079376,1.20290367053344
"Sablefish","Anoplopoma fimbria",1981,1,363000,16.1938423580594,5257027,0.214487887539819
"Sablefish","Anoplopoma fimbria",1982,1,346000,16.1460648642646,10387894,0.26058633881335
"Sablefish","Anoplopoma fimbria",1983,1,345000,17.160277472602,7686735,0.243061534361831
"Sablefish","Anoplopoma fimbria",1984,1,336000,16.568124877082,6668555,0.224610419148433
"Sablefish","Anoplopoma fimbria",1985,1,331000,15.8982639312744,10671118,0.36660897697342
"Sablefish","Anoplopoma fimbria",1986,1,316000,16.3525925742255,11044599,0.4039336319243
"Sablefish","Anoplopoma fimbria",1987,1,295000,16.3215274810791,13453373,0.528588961394537
"Sablefish","Anoplopoma fimbria",1988,1,284000,15.8639351526896,12723241,0.591017304715172
"Sablefish","Anoplopoma fimbria",1989,1,286000,15.8387498855591,10682835,0.509007864183998
"Sablefish","Anoplopoma fimbria",1990,1,285000,16.3776157167223,9730880,0.519839530512118
"Sablefish","Anoplopoma fimbria",1991,1,279000,15.5227546691895,14408399,0.760760428114758
"Sablefish","Anoplopoma fimbria",1992,1,273000,17.0365742577447,13816352,0.730452777476164
"Sablefish","Anoplopoma fimbria",1993,1,271000,16.7593523661296,10077262,0.628346539749824
"Sablefish","Anoplopoma fimbria",1994,1,277000,16.0690972010295,13897958,0.977229303401539
"Sablefish","Anoplopoma fimbria",1995,1,269000,16.1844216452705,23631309,1.57518594334595
"Sablefish","Anoplopoma fimbria",1996,1,259000,16.2110415564643,25927971,1.63135040208699
"Sablefish","Anoplopoma fimbria",1997,1,246000,17.0679165522257,28137671,1.86376088008958
"Sablefish","Anoplopoma fimbria",1998,1,239000,16.6664813359578,11366676,1.37555044154726
"Sablefish","Anoplopoma fimbria",1999,1,244000,15.3680787616306,17050932,1.36381125821902
"Sablefish","Anoplopoma fimbria",2000,1,230000,16.0662269592285,20403737,1.71506043138533
"Sablefish","Anoplopoma fimbria",2001,1,216000,15.6176389058431,17674355,1.67708168893049
"Sablefish","Anoplopoma fimbria",2002,1,207000,15.3740278879801,11814196,1.64719818288544
"Sablefish","Anoplopoma fimbria",2003,1,224000,15.9076156616211,18386151,1.79799475540433
"Sablefish","Anoplopoma fimbria",2004,1,236000,16.092430750529,16815752,1.53205675855572
"Sablefish","Anoplopoma fimbria",2005,1,240000,16.2933564715915,20243196,1.69659844125253
"Sablefish","Anoplopoma fimbria",2006,1,234000,16.2517591052585,22818675,1.93078855312705
"Sablefish","Anoplopoma fimbria",2007,1,222000,15.6929397583008,20815899,2.01970826503017
"Sablefish","Anoplopoma fimbria",2008,1,214000,15.7416896820068,27124026,2.36219430346829
"Sablefish","Anoplopoma fimbria",2009,1,199000,15.9948842790392,34371394,2.40065966429577
"Sablefish","Anoplopoma fimbria",2010,1,183000,15.571782430013,35879443,2.64314612984146
"Sablefish","Anoplopoma fimbria",2011,1,168000,15.6937961578369,44851176,3.55667024825426
"Sablefish","Anoplopoma fimbria",2012,1,178000,16.0653702418009,28333671,2.74332706257244
"Sablefish","Anoplopoma fimbria",2013,1,169000,16.0095367431641,19423057,2.38009282029504
"Sablefish","Anoplopoma fimbria",2014,1,173000,17.5602779388428,24488587,2.85401789192103
"Sablefish","Anoplopoma fimbria",2015,1,168000,18.0546760559082,28679633,2.85357207298223
"Shortbelly rockfish","Sebastes jordani",1981,1,113000,14.5709721247355,76,0.34473024527185
"Shortbelly rockfish","Sebastes jordani",1982,1,117000,14.4825694220407,1833,0.197960695358177
"Shortbelly rockfish","Sebastes jordani",1983,1,117000,15.5220039004371,525,0.2164872951767
"Shortbelly rockfish","Sebastes jordani",1984,1,117000,14.6940376190912,148,0.22377226447471
"Shortbelly rockfish","Sebastes jordani",1985,1,119000,14.1366468611218,509,0.288598182308177
"Shortbelly rockfish","Sebastes jordani",1986,1,118000,14.672876948402,2298,0.289543166533155
"Shortbelly rockfish","Sebastes jordani",1987,1,122000,14.6807935351417,742,0.336565581568043
"Shortbelly rockfish","Sebastes jordani",1988,1,130000,14.13443451836,714,0.323864993584343
"Shortbelly rockfish","Sebastes jordani",1989,1,135000,14.1061408179147,2329,0.270876093535135
"Shortbelly rockfish","Sebastes jordani",1990,1,136000,14.5256646474202,2306,0.27525898393244
"Shortbelly rockfish","Sebastes jordani",1991,1,144000,13.8770436332339,3552,0.292938237130529
"Shortbelly rockfish","Sebastes jordani",1992,1,147000,15.37957350413,1729,0.245081658747956
"Shortbelly rockfish","Sebastes jordani",1993,1,146000,14.8981747854324,4494,0.239816984868683
"Shortbelly rockfish","Sebastes jordani",1994,1,140000,14.4382638477144,18754,0.211083682245928
"Shortbelly rockfish","Sebastes jordani",1995,1,132000,14.6840279442923,12952,0.223381335639434
"Shortbelly rockfish","Sebastes jordani",1996,1,123000,14.5449106579735,5094,0.292480990908528
"Shortbelly rockfish","Sebastes jordani",1997,1,114000,15.4435714540027,36088,0.230877906082891
"Shortbelly rockfish","Sebastes jordani",1998,1,103000,15.1543550945464,7768,0.259081322104463
"Shortbelly rockfish","Sebastes jordani",1999,1,93000,13.972539629255,55,0.249475835394102
"Shortbelly rockfish","Sebastes jordani",2000,1,84000,14.4584027699062,42,0.0272155456793566
"Shortbelly rockfish","Sebastes jordani",2001,1,75000,13.9067064466931,0,0
"Shortbelly rockfish","Sebastes jordani",2002,1,68000,13.8158036186582,54,0.0816466370380697
"Shortbelly rockfish","Sebastes jordani",2003,1,67000,14.3857935496739,0,0
"Shortbelly rockfish","Sebastes jordani",2004,1,66000,14.4737699145362,218,0.329610497672208
"Shortspine thornyhead","Sebastolobus alascanus",1981,1,324000,14.5709721247355,827976,0.223403512079501
"Shortspine thornyhead","Sebastolobus alascanus",1982,1,321000,14.4825694220407,875343,0.224258094715288
"Shortspine thornyhead","Sebastolobus alascanus",1983,1,318000,15.5220039004371,778410,0.229960194002301
"Shortspine thornyhead","Sebastolobus alascanus",1984,1,314000,14.6940376190912,1107879,0.239846088931048
"Shortspine thornyhead","Sebastolobus alascanus",1985,1,309000,14.1366468611218,1344589,0.248066130788934
"Shortspine thornyhead","Sebastolobus alascanus",1986,1,304000,14.672876948402,1447655,0.278039271008517
"Shortspine thornyhead","Sebastolobus alascanus",1987,1,301000,14.6807935351417,1435899,0.328365472022876
"Shortspine thornyhead","Sebastolobus alascanus",1988,1,297000,14.13443451836,2172308,0.346792827248277
"Shortspine thornyhead","Sebastolobus alascanus",1989,1,293000,14.1061408179147,3863362,0.365881981372065
"Shortspine thornyhead","Sebastolobus alascanus",1990,1,287000,14.5256646474202,3338823,0.378190743212995
"Shortspine thornyhead","Sebastolobus alascanus",1991,1,282000,13.8770436332339,3400884,0.45182333515022
"Shortspine thornyhead","Sebastolobus alascanus",1992,1,277000,15.37957350413,3242217,0.452659386591803
"Shortspine thornyhead","Sebastolobus alascanus",1993,1,273000,14.8981747854324,3635989,0.465431657584959
"Shortspine thornyhead","Sebastolobus alascanus",1994,1,268000,14.4382638477144,5086857,0.706284189128607
"Shortspine thornyhead","Sebastolobus alascanus",1995,1,263000,14.6840279442923,4441647,1.08579760010848
"Shortspine thornyhead","Sebastolobus alascanus",1996,1,261000,14.5449106579735,3217626,0.962851820623712
"Shortspine thornyhead","Sebastolobus alascanus",1997,1,259000,15.4435714540027,2494919,0.864336948634062
"Shortspine thornyhead","Sebastolobus alascanus",1998,1,257000,15.1543550945464,2045591,0.807400442362523
"Shortspine thornyhead","Sebastolobus alascanus",1999,1,255000,13.972539629255,674435,0.882627262466669
"Shortspine thornyhead","Sebastolobus alascanus",2000,1,254000,14.4584027699062,1649318,1.01110711737588
"Shortspine thornyhead","Sebastolobus alascanus",2001,1,253000,13.9067064466931,1086579,1.04331923541947
"Shortspine thornyhead","Sebastolobus alascanus",2002,1,253000,13.8158036186582,1702290,1.1607724808206
"Shortspine thornyhead","Sebastolobus alascanus",2003,1,252000,14.3857935496739,2065826,1.22681727041552
"Shortspine thornyhead","Sebastolobus alascanus",2004,1,251000,14.4737699145362,1160275,0.848173979670036
"Shortspine thornyhead","Sebastolobus alascanus",2005,1,251000,14.5955555325463,1874849,1.32919241954246
"Shortspine thornyhead","Sebastolobus alascanus",2006,1,250000,14.4952479317075,2086958,1.4026201605151
"Shortspine thornyhead","Sebastolobus alascanus",2007,1,250000,14.031150772458,2137645,1.02269759068573
"Shortspine thornyhead","Sebastolobus alascanus",2008,1,249000,13.8987003053938,3393946,1.09290657859186
"Shortspine thornyhead","Sebastolobus alascanus",2009,1,247000,14.1771528153192,3076281,0.96679676295107
"Shortspine thornyhead","Sebastolobus alascanus",2010,1,246000,14.0073512395223,3225649,1.15161744333033
"Shortspine thornyhead","Sebastolobus alascanus",2011,1,245000,14.0009126209077,2642133,1.32836568669983
"Shortspine thornyhead","Sebastolobus alascanus",2012,1,244000,14.1689086187454,2571336,1.33402555120237
"Shortspine thornyhead","Sebastolobus alascanus",2013,1,244000,14.1750990095593,2520152,1.19435990448441
"Splitnose rockfish","Sebastes diploproa",1981,1,51100,14.5709721247355,209648,0.235791582799642
"Splitnose rockfish","Sebastes diploproa",1982,1,49500,14.4825694220407,152939,0.2435813635683
"Splitnose rockfish","Sebastes diploproa",1983,1,48400,15.5220039004371,300332,0.227312399604331
"Splitnose rockfish","Sebastes diploproa",1984,1,46800,14.6940376190912,381078,0.227349855679728
"Splitnose rockfish","Sebastes diploproa",1985,1,44900,14.1366468611218,445503,0.258179107507994
"Splitnose rockfish","Sebastes diploproa",1986,1,42900,14.672876948402,385557,0.284459557186502
"Splitnose rockfish","Sebastes diploproa",1987,1,41700,14.6807935351417,353971,0.34828322196918
"Splitnose rockfish","Sebastes diploproa",1988,1,40900,14.13443451836,362276,0.293386271098452
"Splitnose rockfish","Sebastes diploproa",1989,1,39900,14.1061408179147,254816,0.255374741781961
"Splitnose rockfish","Sebastes diploproa",1990,1,39500,14.5256646474202,344184,0.284941150273884
"Splitnose rockfish","Sebastes diploproa",1991,1,39000,13.8770436332339,409314,0.288294613462737
"Splitnose rockfish","Sebastes diploproa",1992,1,38200,15.37957350413,301293,0.328994278782314
"Splitnose rockfish","Sebastes diploproa",1993,1,38000,14.8981747854324,371661,0.303042630557114
"Splitnose rockfish","Sebastes diploproa",1994,1,37300,14.4382638477144,298910,0.287618397645894
"Splitnose rockfish","Sebastes diploproa",1995,1,36600,14.6840279442923,338493,0.34871192761157
"Splitnose rockfish","Sebastes diploproa",1996,1,36100,14.5449106579735,276127,0.263571372818592
"Splitnose rockfish","Sebastes diploproa",1997,1,36000,15.4435714540027,338685,0.266386251904887
"Splitnose rockfish","Sebastes diploproa",1998,1,36300,15.1543550945464,827044,0.250461273877663
"Splitnose rockfish","Sebastes diploproa",1999,1,34400,13.972539629255,26080,0.334172048642947
"Splitnose rockfish","Sebastes diploproa",2000,1,35600,14.4584027699062,91101,0.30586768158587
"Splitnose rockfish","Sebastes diploproa",2001,1,36200,13.9067064466931,77959,0.310189579768561
"Splitnose rockfish","Sebastes diploproa",2002,1,38000,13.8158036186582,49588,0.307277886873391
"Splitnose rockfish","Sebastes diploproa",2003,1,42800,14.3857935496739,88862,0.275698565909597
"Splitnose rockfish","Sebastes diploproa",2004,1,46700,14.4737699145362,133982,0.323778479951301
"Splitnose rockfish","Sebastes diploproa",2005,1,51700,14.5955555325463,72517,0.304003346585012
"Splitnose rockfish","Sebastes diploproa",2006,1,56700,14.4952479317075,82575,0.302792196776188
"Splitnose rockfish","Sebastes diploproa",2007,1,60700,14.031150772458,68848,0.404519837852405
"Splitnose rockfish","Sebastes diploproa",2008,1,64900,13.8987003053938,71907,0.379261287435173
"Splitnose rockfish","Sebastes diploproa",2009,1,70200,14.1771528153192,50315,0.386822084987804
"Spotted spiny dogfish","Squalus suckleyi",1981,1,239000,14.5709721247355,407804,0.0892185436279066
"Spotted spiny dogfish","Squalus suckleyi",1982,1,239000,14.4825694220407,446921,0.0973071480388784
"Spotted spiny dogfish","Squalus suckleyi",1983,1,238000,15.5220039004371,377824,0.0950885565736117
"Spotted spiny dogfish","Squalus suckleyi",1984,1,237000,14.6940376190912,394450,0.0968126904498512
"Spotted spiny dogfish","Squalus suckleyi",1985,1,237000,14.1366468611218,241544,0.085017870277211
"Spotted spiny dogfish","Squalus suckleyi",1986,1,237000,14.672876948402,193964,0.100860485730267
"Spotted spiny dogfish","Squalus suckleyi",1987,1,236000,14.6807935351417,457100,0.129820987310687
"Spotted spiny dogfish","Squalus suckleyi",1988,1,235000,14.13443451836,469049,0.13305633192992
"Spotted spiny dogfish","Squalus suckleyi",1989,1,235000,14.1061408179147,416783,0.133255524716046
"Spotted spiny dogfish","Squalus suckleyi",1990,1,234000,14.5256646474202,441730,0.143251149793167
"Spotted spiny dogfish","Squalus suckleyi",1991,1,234000,13.8770436332339,689122,0.14064998252377
"Spotted spiny dogfish","Squalus suckleyi",1992,1,233000,15.37957350413,592938,0.132495288963548
"Spotted spiny dogfish","Squalus suckleyi",1993,1,233000,14.8981747854324,571325,0.127014994814965
"Spotted spiny dogfish","Squalus suckleyi",1994,1,232000,14.4382638477144,715872,0.138170341095928
"Spotted spiny dogfish","Squalus suckleyi",1995,1,231000,14.6840279442923,386070,0.135163961619188
"Spotted spiny dogfish","Squalus suckleyi",1996,1,230000,14.5449106579735,310270,0.131565974228506
"Spotted spiny dogfish","Squalus suckleyi",1997,1,229000,15.4435714540027,206593,0.146557742376585
"Spotted spiny dogfish","Squalus suckleyi",1998,1,229000,15.1543550945464,165612,0.121200950603679
"Spotted spiny dogfish","Squalus suckleyi",1999,1,228000,13.972539629255,253981,0.171792213619362
"Spotted spiny dogfish","Squalus suckleyi",2000,1,227000,14.4584027699062,261515,0.16534879259216
"Spotted spiny dogfish","Squalus suckleyi",2001,1,226000,13.9067064466931,226720,0.15103315505027
"Spotted spiny dogfish","Squalus suckleyi",2002,1,225000,13.8158036186582,389914,0.174575104103258
"Spotted spiny dogfish","Squalus suckleyi",2003,1,224000,14.3857935496739,265260,0.179823535268922
"Spotted spiny dogfish","Squalus suckleyi",2004,1,224000,14.4737699145362,229225,0.198235890001605
"Spotted spiny dogfish","Squalus suckleyi",2005,1,222000,14.5955555325463,244188,0.190837056867411
"Spotted spiny dogfish","Squalus suckleyi",2006,1,222000,14.4952479317075,244719,0.210871362813654
"Spotted spiny dogfish","Squalus suckleyi",2007,1,221000,14.031150772458,251985,0.190624562986788
"Spotted spiny dogfish","Squalus suckleyi",2008,1,219000,13.8987003053938,339362,0.180798723922125
"Spotted spiny dogfish","Squalus suckleyi",2009,1,219000,14.1771528153192,133227,0.216753078922982
"Spotted spiny dogfish","Squalus suckleyi",2010,1,218000,14.0073512395223,55549,0.106855834530858
"Spotted spiny dogfish","Squalus suckleyi",2011,1,217000,14.0009126209077,181969,0.117947642939098
"Starry flounder","Platichthys stellatus",1981,2,6970,13.0854364176442,376488,0.196583522538076
"Starry flounder","Platichthys stellatus",1982,2,8570,12.7408011076146,379057,0.20883928698692
"Starry flounder","Platichthys stellatus",1983,2,8400,13.6557943543097,300361,0.224302725161816
"Starry flounder","Platichthys stellatus",1984,2,13820,12.8057530885352,193652,0.225401798473131
"Starry flounder","Platichthys stellatus",1985,2,15140,12.3480024077839,402208,0.253845141612232
"Starry flounder","Platichthys stellatus",1986,2,13390,12.9137641478302,217012,0.265896812487328
"Starry flounder","Platichthys stellatus",1987,2,30950,12.9931013835104,281834,0.302933100355284
"Starry flounder","Platichthys stellatus",1988,2,33220,12.4601245688316,357225,0.296820947221962
"Starry flounder","Platichthys stellatus",1989,2,31730,12.4453241394875,471050,0.278826455962872
"Starry flounder","Platichthys stellatus",1990,2,25580,12.8415116985938,325537,0.278921643804959
"Starry flounder","Platichthys stellatus",1991,2,21630,12.2687594621701,537788,0.292244596458005
"Starry flounder","Platichthys stellatus",1992,2,16880,13.6033212421532,199685,0.30141631941111
"Starry flounder","Platichthys stellatus",1993,2,13890,12.9919330267081,215351,0.285368340519774
"Starry flounder","Platichthys stellatus",1994,2,11200,12.9814150476815,123791,0.299629990678871
"Starry flounder","Platichthys stellatus",1995,2,9690,13.2862771901869,131260,0.290148840632906
"Starry flounder","Platichthys stellatus",1996,2,10360,13.010140784701,93775,0.250651914759543
"Starry flounder","Platichthys stellatus",1997,2,16570,13.8057085410097,80122,0.242123467790518
"Starry flounder","Platichthys stellatus",1998,2,16060,13.6160853133165,122605,0.260359080681766
"Starry flounder","Platichthys stellatus",1999,2,14040,12.4811481398748,58085,0.248790521055308
"Starry flounder","Platichthys stellatus",2000,2,13000,12.8436016615172,55917,0.232692915558499
"Starry flounder","Platichthys stellatus",2001,2,10790,12.3478447584281,26620,0.268922726794533
"Starry flounder","Platichthys stellatus",2002,2,8830,12.3438911913033,24988,0.336331382510268
"Starry flounder","Platichthys stellatus",2003,2,8710,13.0116187351987,55289,0.38821473298915
"Starry flounder","Platichthys stellatus",2004,2,8830,13.0342165966679,94214,0.454625074580656
"Starry flounder","Platichthys stellatus",2005,2,8900,12.9614694996884,130952,0.414796338198685
"Widow rockfish","Sebastes entomelas",1981,1,136000,14.5709721247355,3984632,0.151058421175586
"Widow rockfish","Sebastes entomelas",1982,1,117000,14.4825694220407,5920497,0.159480527889615
"Widow rockfish","Sebastes entomelas",1983,1,95700,15.5220039004371,3264077,0.200884726543914
"Widow rockfish","Sebastes entomelas",1984,1,93900,14.6940376190912,2247603,0.221774135724599
"Widow rockfish","Sebastes entomelas",1985,1,98400,14.1366468611218,2683145,0.254928521647491
"Widow rockfish","Sebastes entomelas",1986,1,101000,14.672876948402,3246461,0.286910886967851
"Widow rockfish","Sebastes entomelas",1987,1,99200,14.6807935351417,9198307,0.323523030110787
"Widow rockfish","Sebastes entomelas",1988,1,95500,14.13443451836,6363424,0.289968148368049
"Widow rockfish","Sebastes entomelas",1989,1,92600,14.1061408179147,7129409,0.263325348384356
"Widow rockfish","Sebastes entomelas",1990,1,83900,14.5256646474202,6033488,0.272836838023684
"Widow rockfish","Sebastes entomelas",1991,1,79400,13.8770436332339,3958604,0.285685865176615
"Widow rockfish","Sebastes entomelas",1992,1,77500,15.37957350413,3457232,0.291168304987601
"Widow rockfish","Sebastes entomelas",1993,1,74500,14.8981747854324,5554677,0.277350119669564
"Widow rockfish","Sebastes entomelas",1994,1,70000,14.4382638477144,4155067,0.315892082025396
"Widow rockfish","Sebastes entomelas",1995,1,72200,14.6840279442923,4652805,0.335475618647376
"Widow rockfish","Sebastes entomelas",1996,1,70600,14.5449106579735,3992900,0.31031958154314
"Widow rockfish","Sebastes entomelas",1997,1,70000,15.4435714540027,4301755,0.317823157811025
"Widow rockfish","Sebastes entomelas",1998,1,68200,15.1543550945464,2848352,0.366200192581874
"Widow rockfish","Sebastes entomelas",1999,1,66700,13.972539629255,2434424,0.377774989023389
"Widow rockfish","Sebastes entomelas",2000,1,64000,14.4584027699062,3336189,0.431364575907504
"Widow rockfish","Sebastes entomelas",2001,1,62100,13.9067064466931,1626981,0.431646640979365
"Widow rockfish","Sebastes entomelas",2002,1,64700,13.8158036186582,253641,0.344356890235343
"Widow rockfish","Sebastes entomelas",2003,1,69400,14.3857935496739,17781,0.272477262232342
"Widow rockfish","Sebastes entomelas",2004,1,75000,14.4737699145362,34844,0.332037280690301
"Widow rockfish","Sebastes entomelas",2005,1,78400,14.5955555325463,44207,0.284424971122297
"Widow rockfish","Sebastes entomelas",2006,1,80300,14.4952479317075,41730,0.163316755996484
"Widow rockfish","Sebastes entomelas",2007,1,81300,14.031150772458,29052,0.116617409008358
"Widow rockfish","Sebastes entomelas",2008,1,86200,13.8987003053938,105587,0.272741820581456
"Widow rockfish","Sebastes entomelas",2009,1,86900,14.1771528153192,125302,0.362012983515365
"Widow rockfish","Sebastes entomelas",2010,1,90500,14.0073512395223,104546,0.350230974716151
"Widow rockfish","Sebastes entomelas",2011,1,91400,14.0009126209077,162488,0.425293285857597
"Widow rockfish","Sebastes entomelas",2012,1,106000,14.1689086187454,189452,0.372330990760071
"Widow rockfish","Sebastes entomelas",2013,1,113000,14.1750990095593,434434,0.432709646159625
"Widow rockfish","Sebastes entomelas",2014,1,127000,15.710873058864,634887,0.418636336428009
"Widow rockfish","Sebastes entomelas",2015,1,132000,16.0920040039789,757113,0.402603427822093
"Yelloweye rockfish","Sebastes ruberrimus",1981,1,5957.68,14.5709721247355,85736,0.271762406751143
"Yelloweye rockfish","Sebastes ruberrimus",1982,1,5708.23,14.4825694220407,80010,0.229260455864953
"Yelloweye rockfish","Sebastes ruberrimus",1983,1,5276.52,15.5220039004371,40024,0.260094317161072
"Yelloweye rockfish","Sebastes ruberrimus",1984,1,4882.75,14.6940376190912,31203,0.276975431126211
"Yelloweye rockfish","Sebastes ruberrimus",1985,1,4667.92,14.1366468611218,17854,0.371488037124795
"Yelloweye rockfish","Sebastes ruberrimus",1986,1,4329.54,14.672876948402,28766,0.423637655309725
"Yelloweye rockfish","Sebastes ruberrimus",1987,1,4145.35,14.6807935351417,38113,0.459781069360513
"Yelloweye rockfish","Sebastes ruberrimus",1988,1,3928.27,14.13443451836,57747,0.402359476791041
"Yelloweye rockfish","Sebastes ruberrimus",1989,1,3754.68,14.1061408179147,159591,0.319458381179332
"Yelloweye rockfish","Sebastes ruberrimus",1990,1,3549.71,14.5256646474202,106144,0.397901774185899
"Yelloweye rockfish","Sebastes ruberrimus",1991,1,3400.58,13.8770436332339,343463,0.538514400603114
"Yelloweye rockfish","Sebastes ruberrimus",1992,1,3135.3,15.37957350413,178885,0.62899908124699
"Yelloweye rockfish","Sebastes ruberrimus",1993,1,2874.63,14.8981747854324,269377,0.486802260854451
"Yelloweye rockfish","Sebastes ruberrimus",1994,1,2620,14.4382638477144,211027,0.589410402101558
"Yelloweye rockfish","Sebastes ruberrimus",1995,1,2477.85,14.6840279442923,286603,0.641030328594727
"Yelloweye rockfish","Sebastes ruberrimus",1996,1,2322.62,14.5449106579735,269888,0.742384191662643
"Yelloweye rockfish","Sebastes ruberrimus",1997,1,2138.26,15.4435714540027,302722,0.768396233831951
"Yelloweye rockfish","Sebastes ruberrimus",1998,1,1928.3,15.1543550945464,139460,0.819404145173374
"Yelloweye rockfish","Sebastes ruberrimus",1999,1,1854.23,13.972539629255,174478,1.11154353442013
"Yelloweye rockfish","Sebastes ruberrimus",2000,1,1741.14,14.4584027699062,39559,1.30026542455274
"Yelloweye rockfish","Sebastes ruberrimus",2001,1,1790.83,13.9067064466931,76694,1.12947459974706
"Yelloweye rockfish","Sebastes ruberrimus",2002,1,1823.3,13.8158036186582,5169,0.808489400095369
"Yelloweye rockfish","Sebastes ruberrimus",2003,1,1885.1,14.3857935496739,1302,0.98429556873673
"Yelloweye rockfish","Sebastes ruberrimus",2004,1,1945.35,14.4737699145362,2119,0.961162354909276
"Yelloweye rockfish","Sebastes ruberrimus",2005,1,2008.69,14.5955555325463,1783,1.0109441238811
"Yelloweye rockfish","Sebastes ruberrimus",2006,1,2084.34,14.4952479317075,1630,0.924194572028151
"Yelloweye rockfish","Sebastes ruberrimus",2007,1,2198.64,14.031150772458,6097,1.62679590202978
"Yelloweye rockfish","Sebastes ruberrimus",2008,1,2277.93,13.8987003053938,1632,1.480525684957
"Yelloweye rockfish","Sebastes ruberrimus",2009,1,2372.28,14.1771528153192,992,0.74993948094227
"Yelloweye rockfish","Sebastes ruberrimus",2010,1,2547.52,14.0073512395223,232,0.526167216467561
"Yelloweye rockfish","Sebastes ruberrimus",2011,1,2679.81,14.0009126209077,436,0.988831493016622
"Yelloweye rockfish","Sebastes ruberrimus",2012,1,2781.83,14.1689086187454,389,0.882237272439143
"Yelloweye rockfish","Sebastes ruberrimus",2013,1,2886.63,14.1750990095593,723,0.655894650872494
"Yelloweye rockfish","Sebastes ruberrimus",2014,1,3000.63,15.710873058864,1468,0.832342105360322
"Yelloweye rockfish","Sebastes ruberrimus",2015,1,3128.47,16.0920040039789,908,0.514827405767829
"Yelloweye rockfish","Sebastes ruberrimus",2016,1,3287.2,15.1315475191389,391,0.886773196719035
"Yelloweye rockfish","Sebastes ruberrimus",2017,1,3432.4,14.8913492021107,1573,0.713500889227132
"Yellowtail rockfish","Sebastes flavidus",1981,1,98766.1,12.8427576516804,1967189,0.160382132939787
"Yellowtail rockfish","Sebastes flavidus",1982,1,95070.3,12.3592161630329,2594809,0.184191817602258
"Yellowtail rockfish","Sebastes flavidus",1983,1,89091.8,13.1880044184233,3012912,0.21659599172658
"Yellowtail rockfish","Sebastes flavidus",1984,1,82768,12.4152796644914,2083330,0.228063886328683
"Yellowtail rockfish","Sebastes flavidus",1985,1,82664.5,11.971853306419,1226966,0.265843079532023
"Yellowtail rockfish","Sebastes flavidus",1986,1,82505.1,12.5327303786027,1810909,0.296346998404514
"Yellowtail rockfish","Sebastes flavidus",1987,1,82973.1,12.6301865075764,3150041,0.336639983379457
"Yellowtail rockfish","Sebastes flavidus",1988,1,85462.3,12.1363761550502,3412470,0.286446426104441
"Yellowtail rockfish","Sebastes flavidus",1989,1,85412.8,12.126381748601,3348449,0.290902513245918
"Yellowtail rockfish","Sebastes flavidus",1990,1,87663,12.5495560796637,3153889,0.302781105892032
"Yellowtail rockfish","Sebastes flavidus",1991,1,92126.9,11.9638158898605,2402009,0.316715529886368
"Yellowtail rockfish","Sebastes flavidus",1992,1,94360.8,13.2056415206508,4013903,0.327907933052993
"Yellowtail rockfish","Sebastes flavidus",1993,1,98970.4,12.5707621825369,3321756,0.324033499479117
"Yellowtail rockfish","Sebastes flavidus",1994,1,106201,12.7502302872507,3664015,0.344692521162919
"Yellowtail rockfish","Sebastes flavidus",1995,1,112518,13.0576863790813,3589230,0.374023054197746
"Yellowtail rockfish","Sebastes flavidus",1996,1,116732,12.7707510747408,3383212,0.344745326297896
"Yellowtail rockfish","Sebastes flavidus",1997,1,117476,13.4854551867435,1529175,0.377153064580774
"Yellowtail rockfish","Sebastes flavidus",1998,1,122577,13.2799561400163,1936699,0.368718573638784
"Yellowtail rockfish","Sebastes flavidus",1999,1,125806,12.1540243751124,1347632,0.304298920209102
"Yellowtail rockfish","Sebastes flavidus",2000,1,125114,12.5218477500112,2374664,0.402574977357874
"Yellowtail rockfish","Sebastes flavidus",2001,1,124036,12.0783115688123,1822916,0.421588178483914
"Yellowtail rockfish","Sebastes flavidus",2002,1,126995,12.0880540295651,937838,0.385113358211667
"Yellowtail rockfish","Sebastes flavidus",2003,1,130782,12.7857731517993,386428,0.426993458618855
"Yellowtail rockfish","Sebastes flavidus",2004,1,138202,12.8187335666857,511951,0.425617846593728
"Yellowtail rockfish","Sebastes flavidus",2005,1,141160,12.6667872981021,671077,0.422595371092267
"Yellowtail rockfish","Sebastes flavidus",2006,1,140256,12.2558114654139,283469,0.363013528994049
"Yellowtail rockfish","Sebastes flavidus",2007,1,139691,12.275658030259,193130,0.323733575822502
"Yellowtail rockfish","Sebastes flavidus",2008,1,138778,11.6507732742711,288915,0.352663230173632
"Yellowtail rockfish","Sebastes flavidus",2009,1,134915,12.0832677138479,607701,0.424074726279248
"Yellowtail rockfish","Sebastes flavidus",2010,1,134223,12.2370066391794,807886,0.430207762712543
"Yellowtail rockfish","Sebastes flavidus",2011,1,129317,12.0846328735352,1298625,0.491979008433621
"Yellowtail rockfish","Sebastes flavidus",2012,1,129701,12.0529990949129,1712830,0.516676676486581
"Yellowtail rockfish","Sebastes flavidus",2013,1,125705,12.3455483536971,1211576,0.475111696665977
"Yellowtail rockfish","Sebastes flavidus",2014,1,127512,13.4382566150866,1480563,0.488807166432118
"Yellowtail rockfish","Sebastes flavidus",2015,1,125627,13.8245066090634,1934429,0.470705620343795
"Yellowtail rockfish","Sebastes flavidus",2016,1,123868,13.3547149206463,1303580,0.427081269251182
"Yellowtail rockfish","Sebastes flavidus",2017,1,124456,12.6891557291934,1739991,0.283483618537225
